"","Reserve.x","Block.x","Plot.ID.x","Quadrant.x","Plot.ID.quadrant","Trt.comp.x","Trt.water.x","Focal.sp.x","Angianthus.tomentosus","Arctotheca.calendula","Brachyscome.iberidifolia","Brachyscome.sp","Brassica.tournefortii","Calandrinia.eremaea","Calotis.hispidula","Calotis.multicaulis","Ceratogyne.obionoides","Chthonocephalus.pseudevax","Crassula.colorata.or.exserta","Daucus.glochidiatus","Echium.plantagineum","Ehrharta.longiflora","Gilberta.tenuifolia","Gonocarpus.nodulosus","Goodenia.berardiana","hairy lance","Haloragis.odontocarpa","Hyalosperma.glutinosum.subsp.glutinosum","Hydrocotyle.pilifera","Hypochaeris.glabra","Lawrencella.rosea","Lobelia.sp","Lysimachia.arvensis","Mesembryanthemum.crystallinum","Monoculus.monstrosus","Nicotiana.rotundifolia","Oxalis.sp","Parentucellia.latifolia","Pentaschistis.airoides","Peperomia-like weed","Petrorhagia.velutina","Phyllangium.sulcatum","Plantago.debilis","Podolepis.canescens","Podotheca.gnaphalioides","Pogonolepis.muelleriana","Ptilotus.sp","Rhodanthe.citrina","Rhodanthe.laevis","Rhodanthe.manglesii","Rhodanthe.polycephala","Schoenia.cassiniana","Schoenus.nanus","Senecio.glossanthus","Sonchus.oleraceus","Stenopetalum.lineare","Trachymene.cyanopetala","Trachymene.ornata","Trifolium.sp","Urospermum.picroides","Ursinia.anthemoides","Velleia.cycnopotamica","Velleia.rosea","Vulpia.bromoides","Wahlenbergia.capensis","Wahlenbergia.gracilenta","Waitzia.acuminata","Waitzia.nitida","<NA>","Number.flowers.total","Seedcount.extrapolated.integer","Colwell.P","Canopy"
"1","bendering","BAH1","BAH1ED",1,"BAH1ED.1","E","D","A",0,0,0,0,0,0,0,0,0,0,0,7,0,0,0,0,0,0,0,0,0,0,0,0,0,0,2,0,0,1,0,0,0,0,0,0,0,0,0,0,0,0,0,0,0,0,0,0,0,0,0,0,1,0,0,30,0,0,0,0,0,2,NA,34.2,0.5188
"2","bendering","BAH1","BAH1ED",2,"BAH1ED.2","E","D","H",0,5,0,0,0,0,0,0,0,0,0,5,0,0,0,0,0,0,0,0,0,0,4,0,0,0,0,0,0,0,0,0,0,0,0,0,0,0,0,0,0,0,0,0,0,0,2,0,0,0,0,0,0,0,0,46,0,0,0,0,0,2,NA,34.2,0.5188
"3","bendering","BAH1","BAH1ED",3,"BAH1ED.3","E","D","A",0,0,0,0,0,0,0,0,0,0,0,2,0,0,0,0,0,0,0,0,0,8,1,0,0,0,1,0,0,0,0,0,0,0,0,0,0,0,0,0,0,0,0,0,0,0,0,0,0,0,0,0,0,0,0,70,0,0,0,0,0,1,NA,34.2,0.5188
"4","bendering","BAH1","BAH1MD",1,"BAH1MD.1","M","D","H",0,0,0,0,0,0,0,0,0,0,0,0,0,0,0,0,0,0,0,0,0,4,0,0,0,0,0,0,0,0,0,0,0,0,0,0,0,0,0,0,0,0,0,0,0,0,0,0,0,0,0,0,0,0,0,0,0,0,0,0,0,6,NA,34.2,0.462
"5","bendering","BAH1","BAH1MD",2,"BAH1MD.2","M","D","H",0,0,0,0,0,0,0,0,0,0,0,0,0,0,0,0,0,0,0,0,0,2,0,0,0,0,0,0,0,0,0,0,0,0,0,0,0,0,0,0,0,0,0,0,0,0,0,0,0,0,0,0,0,0,0,0,0,0,0,0,0,5,NA,34.2,0.462
"6","bendering","BAH1","BAH1MD",3,"BAH1MD.3","M","D","A",0,3,0,0,0,0,0,0,0,0,0,0,0,0,0,0,0,0,0,0,0,0,0,0,0,0,0,0,0,0,0,0,0,0,0,0,0,0,0,0,0,0,0,0,0,0,0,0,0,0,0,0,0,0,0,0,0,0,0,0,0,5,NA,34.2,0.462
"7","bendering","BAH1","BAH1MD",4,"BAH1MD.4","M","D","A",0,5,0,0,0,0,0,0,0,0,0,0,0,0,0,0,0,0,0,0,0,0,0,0,0,0,0,0,0,0,0,0,0,0,0,0,0,0,0,0,0,0,0,0,0,0,0,0,0,0,0,0,0,0,0,0,0,0,0,0,0,2,0,34.2,0.462
"8","bendering","BAH1","BAH1SD",1,"BAH1SD.1","S","D","A",0,0,0,0,0,0,0,0,0,0,0,0,0,0,0,0,0,0,0,0,0,0,0,0,0,0,0,0,0,0,0,0,0,0,0,0,0,0,0,0,0,0,0,0,0,0,0,0,0,0,0,0,0,0,0,0,0,0,0,0,0,7,NA,34.2,0.48378
"9","bendering","BAH1","BAH1SD",4,"BAH1SD.4","S","D","A",0,0,0,0,0,0,0,0,0,0,0,0,0,0,0,0,0,0,0,0,0,0,0,0,0,0,0,0,0,0,0,0,0,0,0,0,0,0,0,0,0,0,0,0,0,0,0,0,0,0,0,0,0,0,0,0,0,0,0,0,0,2,NA,34.2,0.48378
"10","bendering","BAH2","BAH2CD",1,"BAH2CD.1","C","D","A",0,7,0,0,0,0,0,0,0,0,0,0,0,0,0,15,0,0,0,0,0,2,5,0,0,0,0,0,0,0,0,0,0,0,0,0,0,0,0,0,8,0,0,0,0,0,0,0,1,0,0,0,0,0,0,0,0,0,0,0,0,2,NA,28.1,0.36435
"11","bendering","BAH2","BAH2CD",2,"BAH2CD.2","C","D","H",0,0,0,0,0,0,0,0,0,0,0,0,0,0,0,20,0,0,0,0,1,12,4,0,0,0,0,0,5,0,0,0,0,0,0,0,0,0,0,0,8,0,0,0,0,0,0,0,0,0,0,0,0,0,0,0,0,0,0,0,0,2,NA,28.1,0.36435
"12","bendering","BAH2","BAH2CD",3,"BAH2CD.3","C","D","H",0,5,0,0,0,0,0,0,0,0,0,0,0,0,0,3,0,0,0,0,0,0,0,0,0,0,0,0,1,0,8,0,0,0,0,0,0,0,0,0,0,3,0,0,0,0,0,0,0,0,0,0,0,0,0,0,0,0,0,0,0,1,NA,28.1,0.36435
"13","bendering","BAH2","BAH2CD",4,"BAH2CD.4","C","D","A",0,20,0,0,0,0,0,0,0,0,0,0,0,3,0,10,0,0,0,0,0,0,3,0,0,0,0,0,2,0,0,0,0,0,0,0,0,0,0,0,8,0,0,0,0,0,0,0,0,0,0,0,0,0,0,0,0,0,0,0,0,NA,NA,28.1,0.36435
"14","bendering","BAH2","BAH2MD",1,"BAH2MD.1","M","D","H",0,0,0,0,0,0,0,0,0,0,0,0,0,0,0,0,0,0,0,0,0,2,0,0,0,0,0,0,0,0,0,0,0,0,0,0,0,0,0,0,0,0,0,0,0,0,0,0,0,0,0,0,0,0,0,0,0,0,0,0,0,5,230,28.1,0.49926
"15","bendering","BAH2","BAH2MD",2,"BAH2MD.2","M","D","A",0,11,0,0,0,0,0,0,0,0,0,0,0,0,0,0,0,0,0,0,0,0,0,0,0,0,0,0,0,0,0,0,0,0,0,0,0,0,0,0,0,0,0,0,0,0,0,0,0,0,0,0,0,0,0,0,0,0,0,0,0,3,NA,28.1,0.49926
"16","bendering","BAH2","BAH2MD",3,"BAH2MD.3","M","D","H",0,0,0,0,0,0,0,0,0,0,0,0,0,0,0,0,0,0,0,0,0,1,0,0,0,0,0,0,0,0,0,0,0,0,0,0,0,0,0,0,0,0,0,0,0,0,0,0,0,0,0,0,0,0,0,0,0,0,0,0,0,5,185,28.1,0.49926
"17","bendering","BAH2","BAH2MD",4,"BAH2MD.4","M","D","A",0,9,0,0,0,0,0,0,0,0,0,0,0,0,0,0,0,0,0,0,0,0,0,0,0,0,0,0,0,0,0,0,0,0,0,0,0,0,0,0,0,0,0,0,0,0,0,0,0,0,0,0,0,0,0,0,0,0,0,0,0,5,NA,28.1,0.49926
"18","bendering","BAH3","BAH3ED",1,"BAH3ED.1","E","D","H",0,15,0,0,0,0,0,0,0,0,0,10,0,1,0,0,0,0,0,0,0,0,0,0,0,0,0,0,0,0,0,0,0,0,0,0,0,0,0,0,0,0,0,0,100,0,0,0,0,0,0,0,0,0,0,0,0,0,0,0,0,6,NA,6.5,0.6458
"19","bendering","BAH3","BAH3ED",2,"BAH3ED.2","E","D","A",0,13,0,0,0,0,0,0,0,0,0,20,0,2,0,0,0,0,0,0,0,0,0,0,0,0,0,0,0,0,0,0,0,0,0,0,0,0,0,0,0,0,0,0,100,0,0,0,0,0,0,0,0,0,0,0,0,0,0,0,0,4,NA,6.5,0.6458
"20","bendering","BAH3","BAH3ED",3,"BAH3ED.3","E","D","A",0,0,0,0,0,0,0,0,0,0,0,0,0,0,0,0,0,0,0,0,0,11,0,0,0,0,0,0,0,0,10,0,0,0,0,0,0,0,0,0,0,0,0,0,60,0,0,0,0,0,0,0,0,0,0,0,0,0,0,0,0,1,0,6.5,0.6458
"21","bendering","BAH3","BAH3ED",4,"BAH3ED.4","E","D","H",0,0,0,0,0,0,0,0,0,0,0,0,0,16,0,0,0,0,0,0,0,20,0,0,0,0,1,0,0,0,0,0,0,0,0,0,0,0,0,0,0,0,0,0,100,0,0,0,0,0,0,0,0,0,0,0,0,0,0,0,0,2,NA,6.5,0.6458
"22","bendering","BAH3","BAH3MD",1,"BAH3MD.1","M","D","H",0,0,0,0,0,0,0,0,0,0,0,0,0,0,0,0,0,0,0,0,0,9,0,0,0,0,0,0,0,0,0,0,0,0,0,0,0,0,0,0,0,0,0,0,0,0,0,0,0,0,0,0,0,0,0,0,0,0,0,0,0,NA,NA,6.5,0.61334
"23","bendering","BAH3","BAH3MD",2,"BAH3MD.2","M","D","A",0,9,0,0,0,0,0,0,0,0,0,0,0,0,0,0,0,0,0,0,0,0,0,0,0,0,0,0,0,0,0,0,0,0,0,0,0,0,0,0,0,0,0,0,0,0,0,0,0,0,0,0,0,0,0,0,0,0,0,0,0,2,26,6.5,0.61334
"24","bendering","BAH3","BAH3MD",3,"BAH3MD.3","M","D","A",0,14,0,0,0,0,0,0,0,0,0,0,0,0,0,0,0,0,0,0,0,0,0,0,0,0,0,0,0,0,0,0,0,0,0,0,0,0,0,0,0,0,0,0,0,0,0,0,0,0,0,0,0,0,0,0,0,0,0,0,0,4,22,6.5,0.61334
"25","bendering","BAH3","BAH3MD",4,"BAH3MD.4","M","D","H",0,0,0,0,0,0,0,0,0,0,0,0,0,0,0,0,0,0,0,0,0,5,0,0,0,0,0,0,0,0,0,0,0,0,0,0,0,0,0,0,0,0,0,0,0,0,0,0,0,0,0,0,0,0,0,0,0,0,0,0,0,1,27,6.5,0.61334
"26","bendering","BAH3","BAH3ND",1,"BAH3ND.1","N","D","A",0,0,0,0,0,0,0,0,0,0,0,0,0,0,0,0,0,0,0,0,0,0,0,0,0,0,0,0,0,0,0,0,0,0,0,0,30,0,0,0,0,0,0,0,0,0,0,0,3,0,0,0,0,0,0,0,0,0,1,0,0,4,0,6.5,NA
"27","bendering","BAH3","BAH3ND",2,"BAH3ND.2","N","D","A",0,0,0,0,0,0,0,0,0,0,0,0,0,0,0,0,0,0,0,0,0,0,0,0,0,0,0,0,0,0,0,0,0,0,0,0,40,0,0,0,0,0,0,0,0,0,0,0,0,0,0,0,0,0,0,0,0,0,1,0,0,0,0,6.5,NA
"28","bendering","BAH3","BAH3ND",3,"BAH3ND.3","N","D","H",0,0,0,0,0,0,0,0,0,0,0,0,0,0,0,0,0,0,0,0,1,0,0,0,0,0,0,0,0,0,0,0,0,0,0,0,80,0,0,0,0,0,0,0,0,0,0,0,0,0,0,0,0,0,0,0,0,0,2,0,0,1,19,6.5,NA
"29","bendering","BAH3","BAH3ND",4,"BAH3ND.4","N","D","H",0,0,0,0,0,0,0,0,0,0,0,0,0,0,0,0,0,0,0,0,0,0,0,0,0,0,0,0,0,0,0,0,0,0,0,0,100,0,0,0,0,0,0,0,0,0,0,0,1,0,0,0,0,0,0,0,0,0,10,0,0,3,NA,6.5,NA
"30","bendering","BAT2","BAT2SD",1,"BAT2SD.1","S","D","T",0,0,0,0,0,0,0,0,0,0,0,0,0,0,0,0,0,0,0,0,0,0,0,0,0,0,0,0,0,0,0,0,0,0,0,0,0,0,0,0,0,0,0,0,0,0,0,0,0,0,0,0,0,0,0,0,0,0,0,0,0,13.5,27,9.5,0.51728
"31","bendering","BAT2","BAT2SD",2,"BAT2SD.2","S","D","T",0,0,0,0,0,0,0,0,0,0,0,0,0,0,0,0,0,0,0,0,0,0,0,0,0,0,0,0,0,0,0,0,0,0,0,0,0,0,0,0,0,0,0,0,0,0,0,0,0,0,0,0,0,0,0,0,0,0,0,0,0,22.5,45,9.5,0.51728
"32","bendering","BAT2","BAT2SD",3,"BAT2SD.3","S","D","A",0,0,0,0,0,0,0,0,0,0,0,0,0,0,0,0,0,0,0,0,0,0,0,0,0,0,0,0,0,0,0,0,0,0,0,0,0,0,0,0,0,0,0,0,0,0,0,0,0,0,0,0,0,0,0,0,0,0,0,0,0,2,NA,9.5,0.51728
"33","bendering","BAT2","BAT2SD",4,"BAT2SD.4","S","D","A",0,0,0,0,0,0,0,0,0,0,0,0,0,0,0,0,0,0,0,0,0,0,0,0,0,0,0,0,0,0,0,0,0,0,0,0,0,0,0,0,0,0,0,0,0,0,0,0,0,0,0,0,0,0,0,0,0,0,0,0,0,2,NA,9.5,0.51728
"34","bendering","BAT4","BAT4ED",1,"BAT4ED.1","E","D","T",0,2,0,0,0,0,0,0,0,0,0,0,0,0,0,0,0,0,0,0,0,2,0,0,0,0,0,0,0,0,0,0,0,0,0,0,0,0,0,0,0,0,0,0,0,0,0,0,0,0,0,0,1,0,0,0,0,0,0,0,0,31.5,63,0.9,0.41813
"35","bendering","BAT4","BAT4ED",2,"BAT4ED.2","E","D","A",0,0,0,0,0,0,0,0,0,0,0,0,0,0,0,0,0,0,0,0,0,0,0,0,0,0,1,0,0,0,3,0,0,0,0,0,0,0,0,0,0,0,0,0,0,0,0,0,0,0,0,0,0,0,0,0,0,0,0,0,0,NA,NA,0.9,0.41813
"36","bendering","BAT4","BAT4ED",3,"BAT4ED.3","E","D","A",0,0,0,0,0,0,0,0,0,0,0,0,0,0,0,0,0,0,0,0,0,0,0,0,0,0,1,0,0,0,0,0,0,0,0,0,0,0,0,0,0,0,0,0,0,0,1,0,0,0,0,0,0,0,0,0,0,0,0,0,0,NA,NA,0.9,0.41813
"37","bendering","BAW1","BAW1CD",1,"BAW1CD.1","C","D","A",0,8,0,0,0,0,0,0,0,0,0,2,0,0,0,0,3,0,0,0,0,0,0,0,0,0,0,0,0,0,0,0,0,0,0,0,0,0,0,0,9,2,0,0,0,0,0,0,2,0,0,0,0,0,0,0,0,0,2,0,0,1,0,30.7,0.40273
"38","bendering","BAW1","BAW1CD",3,"BAW1CD.3","C","D","W",0,2,0,0,0,0,0,0,0,0,0,2,0,0,0,10,3,0,0,0,0,2,0,0,0,0,0,0,0,0,0,0,0,0,0,0,0,0,0,0,0,12,0,0,0,0,0,0,0,0,0,0,0,0,0,0,0,0,11,0,0,8,NA,30.7,0.40273
"39","bendering","BAW1","BAW1CD",4,"BAW1CD.4","C","D","A",0,1,0,0,0,0,0,0,0,0,0,2,0,0,0,6,5,0,0,0,0,0,1,0,0,0,0,0,0,0,0,0,0,0,0,0,0,0,0,0,30,9,0,0,0,0,0,0,0,0,0,0,0,0,0,0,0,0,6,0,0,1,NA,30.7,0.40273
"40","bendering","BAW1","BAW1ED",1,"BAW1ED.1","E","D","A",0,0,0,0,0,0,0,0,0,0,0,0,0,3,0,0,0,0,0,0,0,1,0,0,0,0,1,0,2,0,0,0,0,0,0,0,0,0,0,0,0,0,0,0,50,0,0,0,0,0,0,0,0,0,0,0,0,0,0,0,0,7,NA,30.7,0.30795
"41","bendering","BAW1","BAW1ED",2,"BAW1ED.2","E","D","W",0,0,0,0,0,0,0,0,0,0,0,0,0,3,0,0,0,0,0,0,0,2,0,0,0,0,1,0,0,0,0,0,0,0,0,0,0,0,0,0,0,0,0,0,0,0,0,0,0,0,0,0,0,0,0,0,0,0,0,0,0,3,73,30.7,0.30795
"42","bendering","BAW1","BAW1ED",3,"BAW1ED.3","E","D","W",0,0,0,0,0,0,0,0,0,0,0,0,0,0,0,0,0,0,0,0,0,1,0,0,0,0,1,0,0,0,0,0,0,0,0,0,0,0,0,0,0,0,0,0,5,0,0,0,0,0,0,0,1,0,0,0,0,0,0,0,0,7,14,30.7,0.30795
"43","bendering","BAW1","BAW1ED",4,"BAW1ED.4","E","D","A",0,0,0,0,0,0,0,0,0,0,0,0,0,0,0,0,0,0,0,0,0,0,0,0,0,0,0,0,0,0,0,0,0,0,0,0,0,0,0,0,0,0,0,0,0,0,0,0,0,0,0,0,0,0,0,0,0,0,0,0,0,NA,NA,30.7,0.30795
"44","bendering","BAW1","BAW1MD",1,"BAW1MD.1","M","D","W",0,0,0,0,0,0,0,0,0,0,0,0,0,0,0,0,0,0,0,0,0,0,0,0,0,0,0,0,0,0,0,0,0,0,0,0,0,0,0,0,0,0,0,0,0,0,0,0,0,0,0,0,0,0,0,0,0,0,5,0,0,19,289,30.7,0.36464
"45","bendering","BAW1","BAW1MD",2,"BAW1MD.2","M","D","W",0,0,0,0,0,0,0,0,0,0,0,0,0,0,0,0,0,0,0,0,0,0,0,0,0,0,0,0,0,0,0,0,0,0,0,0,0,0,0,0,0,0,0,0,0,0,0,0,0,0,0,0,0,0,0,0,0,0,1,0,0,22,210,30.7,0.36464
"46","bendering","BAW1","BAW1MD",4,"BAW1MD.4","M","D","A",0,2,0,0,0,0,0,0,0,0,0,0,0,0,0,0,0,0,0,0,0,0,0,0,0,0,0,0,0,0,0,0,0,0,0,0,0,0,0,0,0,0,0,0,0,0,0,0,0,0,0,0,0,0,0,0,0,0,0,0,0,8,NA,30.7,0.36464
"47","bendering","BAW1","BAW1ND",1,"BAW1ND.1","N","D","W",0,0,0,0,0,0,0,0,0,0,0,0,0,0,0,16,3,0,0,0,0,0,0,0,0,0,0,0,0,0,0,0,0,0,0,0,0,0,0,0,14,5,0,0,0,0,0,0,1,0,0,0,0,0,0,0,0,0,0,0,0,9,98,30.7,0.34887
"48","bendering","BAW1","BAW1ND",2,"BAW1ND.2","N","D","A",0,0,0,0,0,0,0,0,0,0,0,0,0,0,0,30,4,0,0,0,0,0,0,0,0,0,0,0,0,0,0,0,0,0,0,0,0,0,0,0,9,0,0,0,0,0,0,0,1,0,0,0,0,0,0,0,0,0,1,0,0,2,NA,30.7,0.34887
"49","bendering","BAW1","BAW1ND",3,"BAW1ND.3","N","D","A",0,0,0,0,0,0,0,0,0,0,0,0,0,0,0,50,2,0,0,0,0,0,3,0,0,0,0,0,0,0,0,0,0,0,0,0,0,0,0,0,6,6,0,0,0,0,0,0,0,0,0,0,0,0,0,0,0,0,2,0,0,2,NA,30.7,0.34887
"50","bendering","BAW1","BAW1ND",4,"BAW1ND.4","N","D","W",0,0,0,0,0,0,0,0,0,0,0,0,0,0,0,15,7,0,0,0,1,0,4,0,0,0,0,0,0,0,0,0,0,0,0,0,0,0,0,0,4,12,0,0,0,0,0,0,2,0,0,0,0,0,0,0,0,0,0,0,0,7,66,30.7,0.34887
"51","bendering","BAW1","BAW1SD",1,"BAW1SD.1","S","D","W",0,0,0,0,0,0,0,0,0,0,0,0,0,0,0,0,0,0,0,0,0,0,0,0,0,0,0,0,0,0,0,0,0,0,0,0,0,0,0,0,0,0,0,0,0,0,0,0,0,0,0,0,0,0,0,0,0,0,0,0,0,11,36,30.7,0.40103
"52","bendering","BAW1","BAW1SD",2,"BAW1SD.2","S","D","A",0,0,0,0,0,0,0,0,0,0,0,0,0,0,0,0,0,0,0,0,0,0,0,0,0,0,0,0,0,0,0,0,0,0,0,0,0,0,0,0,0,0,0,0,0,0,0,0,0,0,0,0,0,0,0,0,0,0,0,0,0,7,NA,30.7,0.40103
"53","bendering","BAW1","BAW1SD",3,"BAW1SD.3","S","D","A",0,0,0,0,0,0,0,0,0,0,0,0,0,0,0,0,0,0,0,0,0,0,0,0,0,0,0,0,0,0,0,0,0,0,0,0,0,0,0,0,0,0,0,0,0,0,0,0,0,0,0,0,0,0,0,0,0,0,0,0,0,1,NA,30.7,0.40103
"54","bendering","BAW1","BAW1SD",4,"BAW1SD.4","S","D","W",0,0,0,0,0,0,0,0,0,0,0,0,0,0,0,0,0,0,0,0,0,0,0,0,0,0,0,0,0,0,0,0,0,0,0,0,0,0,0,0,0,0,0,0,0,0,0,0,0,0,0,0,0,0,0,0,0,0,0,0,0,9,81,30.7,0.40103
"55","bendering","BAW4","BAW4CD",1,"BAW4CD.1","C","D","W",0,0,0,0,0,0,0,0,0,0,0,0,0,0,0,0,0,0,0,0,0,4,60,0,6,0,0,0,0,0,0,0,0,0,0,0,3,0,0,0,0,0,0,0,40,0,0,0,0,0,0,0,0,0,0,0,0,0,2,0,0,10,166,32.5,0.51552
"56","bendering","BAW4","BAW4CD",2,"BAW4CD.2","C","D","W",0,1,0,0,0,0,0,0,0,0,3,0,0,0,0,0,0,2,0,0,2,6,30,0,6,0,0,0,0,0,3,0,0,0,0,0,4,0,0,0,0,0,0,0,15,0,0,0,0,0,0,0,0,0,0,0,0,0,5,0,0,9,NA,32.5,0.51552
"57","bendering","BAW4","BAW4CD",3,"BAW4CD.3","C","D","A",0,9,0,0,0,0,0,0,0,0,0,0,0,0,0,0,0,0,0,0,0,14,21,0,7,0,0,0,0,0,0,0,0,0,0,0,1,0,0,0,0,0,0,0,10,0,0,0,0,0,0,0,0,0,0,0,0,0,1,0,0,1,NA,32.5,0.51552
"58","bendering","BAW4","BAW4CD",4,"BAW4CD.4","C","D","A",0,3,0,0,0,0,0,0,0,0,0,0,0,0,0,0,0,0,0,0,2,7,11,0,13,0,0,0,0,0,0,0,0,0,0,0,1,0,0,0,0,0,0,0,40,0,0,0,0,0,0,0,0,0,0,0,0,0,0,0,0,NA,NA,32.5,0.51552
"59","bendering","BAW4","BAW4ED",1,"BAW4ED.1","E","D","W",0,1,0,0,0,0,0,0,0,0,0,0,0,0,0,0,0,0,0,0,0,14,0,0,0,0,0,0,0,0,0,0,0,0,0,0,0,0,0,0,0,0,0,0,0,0,0,0,0,0,0,0,4,0,0,0,0,0,0,0,0,3,3,32.5,0.48884
"60","bendering","BAW4","BAW4ED",2,"BAW4ED.2","E","D","W",0,0,0,0,0,0,0,0,0,0,0,1,0,0,0,0,0,0,0,0,0,20,0,0,1,0,0,0,1,0,0,0,0,0,0,0,0,0,0,0,0,0,0,0,0,0,0,0,0,0,0,0,2,0,0,0,0,0,0,0,0,3,NA,32.5,0.48884
"61","bendering","BAW4","BAW4ED",3,"BAW4ED.3","E","D","A",0,0,0,0,0,0,0,0,0,0,0,0,0,0,0,0,0,0,0,0,0,15,0,0,8,0,0,0,0,0,0,0,0,0,0,0,0,0,0,0,0,0,0,0,0,0,0,0,0,0,0,0,2,0,0,0,0,0,0,0,0,2,NA,32.5,0.48884
"62","bendering","BAW4","BAW4ED",4,"BAW4ED.4","E","D","A",0,0,0,0,0,0,0,0,0,0,0,0,0,0,0,0,0,0,0,0,0,13,0,0,2,0,0,0,2,0,0,0,0,0,0,0,0,0,0,0,0,0,0,0,0,0,0,0,0,0,0,0,0,0,0,0,0,0,0,0,0,2,NA,32.5,0.48884
"63","bendering","BAW4","BAW4MD",2,"BAW4MD.2","M","D","W",0,0,0,0,0,0,0,0,0,0,0,0,0,0,0,0,0,0,0,0,0,0,0,0,0,0,0,0,0,0,0,0,0,0,0,0,0,0,0,0,0,0,0,0,0,0,0,0,0,0,0,0,0,0,0,0,0,0,5,0,0,12,NA,32.5,0.52431
"64","bendering","BAW4","BAW4MD",4,"BAW4MD.4","M","D","A",0,6,0,0,0,0,0,0,0,0,0,0,0,0,0,0,0,0,0,0,0,0,0,0,0,0,0,0,0,0,0,0,0,0,0,0,0,0,0,0,0,0,0,0,0,0,0,0,0,0,0,0,0,0,0,0,0,0,0,0,0,NA,NA,32.5,0.52431
"65","bendering","BAW4","BAW4ND",1,"BAW4ND.1","N","D","A",0,0,0,0,0,0,0,0,0,0,0,0,0,0,0,0,0,0,0,0,2,0,7,0,0,0,0,0,0,0,0,0,0,0,0,0,3,0,0,0,0,0,0,0,0,0,0,0,1,0,0,0,0,0,0,0,0,0,0,0,0,2,NA,32.5,0.52528
"66","bendering","BAW4","BAW4ND",2,"BAW4ND.2","N","D","W",0,0,0,0,0,0,0,0,0,0,0,0,0,0,0,0,0,0,0,0,0,0,2,0,0,0,0,0,0,0,0,0,0,0,0,0,2,0,0,0,0,0,0,0,0,0,0,0,0,0,0,0,0,0,0,0,0,0,2,0,0,5,17,32.5,0.52528
"67","bendering","BAW4","BAW4ND",3,"BAW4ND.3","N","D","A",0,0,0,0,0,0,0,0,0,0,0,0,0,0,0,0,0,0,0,0,3,0,9,0,0,0,0,0,0,0,0,0,0,0,0,0,1,0,0,0,0,0,0,0,0,0,0,0,0,0,0,0,0,0,0,0,0,0,3,0,0,2,0,32.5,0.52528
"68","bendering","BAW4","BAW4ND",4,"BAW4ND.4","N","D","W",0,0,0,0,0,0,0,0,0,0,0,0,0,0,0,0,0,0,0,0,2,0,6,0,0,0,0,0,0,0,0,0,0,0,0,0,0,0,0,0,0,0,0,0,0,0,0,0,0,0,0,0,0,0,0,0,0,0,6,0,0,9,93,32.5,0.52528
"69","bendering","BAW4","BAW4SD",3,"BAW4SD.3","S","D","W",0,0,0,0,0,0,0,0,0,0,0,0,0,0,0,0,0,0,0,0,0,0,0,0,0,0,0,0,0,0,0,0,0,0,0,0,0,0,0,0,0,0,0,0,0,0,0,0,0,0,0,0,0,0,0,0,0,0,0,0,0,40,417,32.5,0.54969
"70","bendering","BAW4","BAW4SD",4,"BAW4SD.4","S","D","A",0,0,0,0,0,0,0,0,0,0,0,0,0,0,0,0,0,0,0,0,0,0,0,0,0,0,0,0,0,0,0,0,0,0,0,0,0,0,0,0,0,0,0,0,0,0,0,0,0,0,0,0,0,0,0,0,0,0,0,0,0,NA,NA,32.5,0.54969
"71","bendering","BHT1","BHT1CD",1,"BHT1CD.1","C","D","T",0,0,0,0,0,0,0,0,0,0,0,0,0,0,0,0,0,0,0,0,0,7,0,0,0,0,0,0,0,0,0,0,0,0,0,0,0,0,0,0,0,3,0,0,30,0,0,0,18,0,0,0,0,0,0,0,0,0,20,0,0,13.5,27,7.8,0.44506
"72","bendering","BHT1","BHT1CD",2,"BHT1CD.2","C","D","H",0,0,0,0,0,0,0,0,0,0,0,0,0,0,0,0,0,0,0,0,0,3,0,0,0,0,0,0,0,0,0,0,0,0,0,0,0,0,0,0,0,0,0,0,30,0,0,0,20,0,0,0,0,0,0,0,0,0,18,0,0,2,NA,7.8,0.44506
"73","bendering","BHT1","BHT1CD",3,"BHT1CD.3","C","D","T",0,0,0,0,0,0,0,0,0,0,0,0,0,0,0,10,0,0,0,0,0,7,0,0,0,0,0,0,0,0,0,0,0,0,0,0,0,0,0,0,1,0,0,0,20,0,0,0,8,0,0,0,0,0,0,0,0,0,8,0,0,13.5,27,7.8,0.44506
"74","bendering","BHT1","BHT1CD",4,"BHT1CD.4","C","D","H",0,0,0,0,0,0,0,0,0,0,0,0,0,0,0,0,0,0,0,0,0,9,0,0,0,0,0,0,0,0,1,0,0,0,0,0,0,0,0,0,1,3,0,0,20,0,0,0,8,0,0,0,0,0,0,0,0,0,15,0,0,NA,NA,7.8,0.44506
"75","bendering","BHT1","BHT1ED",1,"BHT1ED.1","E","D","H",0,15,0,0,0,0,0,0,0,0,0,0,0,0,0,0,0,0,0,0,0,40,0,0,0,0,0,0,0,0,0,0,0,0,0,0,0,0,0,0,0,0,0,0,0,0,0,0,0,0,0,0,0,0,0,0,0,0,0,0,0,3,NA,7.8,0.43197
"76","bendering","BHT1","BHT1ED",2,"BHT1ED.2","E","D","H",0,4,0,0,0,0,0,0,0,0,0,0,0,0,0,0,0,0,0,0,0,0,0,0,0,0,0,0,0,0,0,0,0,0,0,0,0,0,0,0,0,0,0,0,30,0,0,0,0,0,0,0,1,0,0,0,0,0,0,0,0,4,36,7.8,0.43197
"77","bendering","BHT1","BHT1ED",3,"BHT1ED.3","E","D","T",0,2,0,0,0,0,0,0,0,0,0,0,0,0,0,0,0,0,0,0,0,16,0,0,0,0,0,0,0,0,0,0,0,0,0,0,0,0,0,0,0,0,0,0,50,0,0,0,0,0,0,0,0,0,0,0,0,0,0,0,0,27,54,7.8,0.43197
"78","bendering","BHT1","BHT1ED",4,"BHT1ED.4","E","D","T",0,3,0,0,0,0,0,0,0,0,0,0,0,0,0,0,0,0,0,0,0,5,0,0,0,0,0,0,0,0,0,0,0,0,0,0,0,0,0,0,0,0,0,0,50,0,0,0,0,0,0,0,0,0,0,0,0,0,0,0,0,13.5,27,7.8,0.43197
"79","bendering","BHT1","BHT1MD",1,"BHT1MD.1","M","D","H",0,0,0,0,0,0,0,0,0,0,0,0,0,0,0,0,0,0,0,0,0,9,0,0,0,0,0,0,0,0,0,0,0,0,0,0,0,0,0,0,0,0,0,0,0,0,0,0,0,0,0,0,0,0,0,0,0,0,0,0,0,NA,NA,7.8,0.44129
"80","bendering","BHT1","BHT1MD",2,"BHT1MD.2","M","D","H",0,0,0,0,0,0,0,0,0,0,0,0,0,0,0,0,0,0,0,0,0,6,0,0,0,0,0,0,0,0,0,0,0,0,0,0,0,0,0,0,0,0,0,0,0,0,0,0,0,0,0,0,0,0,0,0,0,0,0,0,0,NA,NA,7.8,0.44129
"81","bendering","BHT1","BHT1MD",3,"BHT1MD.3","M","D","T",0,0,0,0,0,0,0,0,0,0,0,0,0,0,0,0,0,0,0,0,0,0,0,0,0,0,0,0,0,0,0,0,0,0,0,0,0,0,0,0,0,0,0,0,0,0,0,0,14,0,0,0,0,0,0,0,0,0,0,0,0,18,36,7.8,0.44129
"82","bendering","BHT1","BHT1MD",4,"BHT1MD.4","M","D","T",0,0,0,0,0,0,0,0,0,0,0,0,0,0,0,0,0,0,0,0,0,0,0,0,0,0,0,0,0,0,0,0,0,0,0,0,0,0,0,0,0,0,0,0,0,0,0,0,15,0,0,0,0,0,0,0,0,0,0,0,0,18,36,7.8,0.44129
"83","bendering","BHT1","BHT1ND",1,"BHT1ND.1","N","D","T",0,0,0,0,0,0,0,0,0,0,0,0,0,0,0,3,2,0,0,0,0,0,0,0,0,0,0,0,0,0,0,0,0,0,0,0,0,0,0,0,1,0,0,0,0,0,0,0,0,0,0,0,0,0,0,0,0,0,2,0,0,27,54,7.8,0.35687
"84","bendering","BHT1","BHT1ND",2,"BHT1ND.2","N","D","T",0,0,0,0,0,0,0,0,0,0,0,0,0,0,0,0,0,0,0,3,0,0,0,0,0,0,0,0,0,0,0,0,0,0,0,0,0,0,0,0,0,3,0,0,0,0,0,0,0,0,0,0,0,0,0,0,0,0,8,0,0,58.5,117,7.8,0.35687
"85","bendering","BHT1","BHT1ND",3,"BHT1ND.3","N","D","H",0,0,0,0,0,0,0,0,0,0,0,0,0,0,0,0,0,0,0,0,0,0,0,0,0,0,0,0,0,0,0,0,0,0,0,0,0,0,0,0,0,3,0,0,0,0,0,0,3,0,0,0,0,0,0,0,0,0,6,0,0,NA,NA,7.8,0.35687
"86","bendering","BHT1","BHT1ND",4,"BHT1ND.4","N","D","H",0,0,0,0,0,0,0,0,0,0,0,0,0,0,0,2,0,0,0,0,0,0,0,0,0,0,0,0,0,0,0,0,0,0,0,0,0,0,0,0,0,0,0,0,0,0,0,0,5,0,0,0,0,0,0,0,0,0,4,0,0,1,NA,7.8,0.35687
"87","bendering","BHT1","BHT1SD",1,"BHT1SD.1","S","D","T",0,0,0,0,0,0,0,0,0,0,0,0,0,0,0,0,0,0,0,0,0,0,0,0,0,0,0,0,0,0,0,0,0,0,0,0,0,0,0,0,0,0,0,0,0,0,0,0,0,0,0,0,0,0,0,0,0,0,0,0,0,18,36,7.8,0.38889
"88","bendering","BHT1","BHT1SD",2,"BHT1SD.2","S","D","H",0,0,0,0,0,0,0,0,0,0,0,0,0,0,0,0,0,0,0,0,0,0,0,0,0,0,0,0,0,0,0,0,0,0,0,0,0,0,0,0,0,0,0,0,0,0,0,0,0,0,0,0,0,0,0,0,0,0,0,0,0,3,NA,7.8,0.38889
"89","bendering","BHT1","BHT1SD",3,"BHT1SD.3","S","D","H",0,0,0,0,0,0,0,0,0,0,0,0,0,0,0,0,0,0,0,0,0,0,0,0,0,0,0,0,0,0,0,0,0,0,0,0,0,0,0,0,0,0,0,0,0,0,0,0,0,0,0,0,0,0,0,0,0,0,0,0,0,5,NA,7.8,0.38889
"90","bendering","BHT1","BHT1SD",4,"BHT1SD.4","S","D","T",0,0,0,0,0,0,0,0,0,0,0,0,0,0,0,0,0,0,0,0,0,0,0,0,0,0,0,0,0,0,0,0,0,0,0,0,0,0,0,0,0,0,0,0,0,0,0,0,0,0,0,0,0,0,0,0,0,0,0,0,0,72,144,7.8,0.38889
"91","bendering","BHT3","BHT3CD",1,"BHT3CD.1","C","D","H",0,0,0,0,0,0,0,0,0,0,0,0,0,0,0,40,0,0,0,0,0,4,0,0,0,0,0,0,2,0,0,0,0,0,0,0,0,0,0,0,0,0,0,0,0,0,0,0,0,0,0,0,0,0,0,0,0,0,17,0,0,1,22,10.8,0.51032
"92","bendering","BHT3","BHT3CD",4,"BHT3CD.4","C","D","H",0,0,0,0,0,0,0,0,0,0,0,5,0,5,0,12,0,0,0,0,1,0,0,0,0,0,1,0,0,0,0,0,0,0,0,0,0,0,0,0,0,0,0,0,0,0,0,0,0,0,0,0,0,0,0,0,0,0,12,0,0,1,33,10.8,0.51032
"93","bendering","BHT3","BHT3ED",2,"BHT3ED.2","E","D","T",0,0,0,0,0,0,0,0,0,0,0,0,0,0,0,0,0,0,0,0,0,4,0,0,0,0,1,0,0,0,0,0,0,0,0,0,0,0,0,0,0,0,0,0,0,0,0,0,0,0,0,0,4,0,0,0,0,0,0,0,0,13.5,27,10.8,0.50131
"94","bendering","BHT3","BHT3ED",3,"BHT3ED.3","E","D","H",0,0,0,0,0,0,0,0,0,0,0,0,0,1,0,0,0,0,0,0,0,0,0,0,0,0,2,0,0,0,0,0,0,0,0,0,0,0,0,0,0,0,0,0,0,0,0,0,0,0,0,0,2,0,0,0,0,0,0,0,0,2,48,10.8,0.50131
"95","bendering","BHT3","BHT3ED",4,"BHT3ED.4","E","D","H",0,0,0,0,0,0,0,0,0,0,0,0,0,1,0,0,0,0,0,0,0,0,0,0,0,0,1,0,1,0,0,0,0,0,0,0,0,0,0,0,0,0,0,0,0,0,0,0,0,0,0,0,1,0,0,0,0,0,0,0,0,3,48,10.8,0.50131
"96","bendering","BHT3","BHT3MD",1,"BHT3MD.1","M","D","H",0,0,0,0,0,0,0,0,0,0,0,0,0,0,0,0,0,0,0,0,0,3,0,0,0,0,0,0,0,0,0,0,0,0,0,0,0,0,0,0,0,0,0,0,0,0,0,0,0,0,0,0,0,0,0,0,0,0,0,0,0,2,46,10.8,0.41789
"97","bendering","BHT3","BHT3MD",2,"BHT3MD.2","M","D","H",0,0,0,0,0,0,0,0,0,0,0,0,0,0,0,0,0,0,0,0,0,2,0,0,0,0,0,0,0,0,0,0,0,0,0,0,0,0,0,0,0,0,0,0,0,0,0,0,0,0,0,0,0,0,0,0,0,0,0,0,0,1,0,10.8,0.41789
"98","bendering","BHT3","BHT3ND",1,"BHT3ND.1","N","D","T",0,0,0,0,0,0,0,0,0,0,0,0,0,0,0,100,0,0,0,0,1,0,4,0,0,0,0,0,0,0,0,0,0,0,0,0,0,0,0,0,0,0,0,0,0,0,0,0,0,0,0,0,0,0,0,0,0,0,1,0,0,4.5,9,10.8,0.48385
"99","bendering","BHT3","BHT3ND",2,"BHT3ND.2","N","D","H",0,0,0,0,0,0,0,0,0,0,0,0,0,0,0,100,0,0,0,0,0,0,0,0,0,0,0,0,0,0,0,0,0,0,0,0,0,0,0,0,1,1,0,0,0,0,0,0,1,4,0,0,0,0,0,0,0,0,2,0,0,1,10,10.8,0.48385
"100","bendering","BHT3","BHT3ND",3,"BHT3ND.3","N","D","H",0,0,0,0,0,0,0,0,0,0,0,0,0,0,0,100,0,0,0,0,0,0,1,0,0,0,0,0,0,0,0,0,0,0,0,0,0,0,0,0,3,0,0,0,0,0,0,0,2,1,0,0,0,0,0,0,0,0,3,0,0,1,NA,10.8,0.48385
"101","bendering","BHT3","BHT3ND",4,"BHT3ND.4","N","D","T",0,0,0,0,0,0,0,0,0,0,0,0,0,0,0,50,0,0,0,0,0,0,5,0,0,0,0,0,0,0,0,0,0,0,0,0,0,0,0,0,1,6,0,0,0,0,0,0,0,0,0,0,0,0,0,0,0,0,4,0,0,4.5,9,10.8,0.48385
"102","bendering","BHT3","BHT3SD",1,"BHT3SD.1","S","D","T",0,0,0,0,0,0,0,0,0,0,0,0,0,0,0,0,0,0,0,0,0,0,0,0,0,0,0,0,0,0,0,0,0,0,0,0,0,0,0,0,0,0,0,0,0,0,0,0,0,0,0,0,0,0,0,0,0,0,0,0,0,108,216,10.8,0.50353
"103","bendering","BHT3","BHT3SD",2,"BHT3SD.2","S","D","H",0,0,0,0,0,0,0,0,0,0,0,0,0,0,0,0,0,0,0,0,0,0,0,0,0,0,0,0,0,0,0,0,0,0,0,0,0,0,0,0,0,0,0,0,0,0,0,0,0,0,0,0,0,0,0,0,0,0,0,0,0,5,NA,10.8,0.50353
"104","bendering","BHT3","BHT3SD",3,"BHT3SD.3","S","D","H",0,0,0,0,0,0,0,0,0,0,0,0,0,0,0,0,0,0,0,0,0,0,0,0,0,0,0,0,0,0,0,0,0,0,0,0,0,0,0,0,0,0,0,0,0,0,0,0,0,0,0,0,0,0,0,0,0,0,0,0,0,3,NA,10.8,0.50353
"105","bendering","BHT4","BHT4MD",1,"BHT4MD.1","M","D","H",0,0,0,0,0,0,0,0,0,0,0,0,0,0,0,0,0,0,0,0,0,14,0,0,0,0,0,0,0,0,0,0,0,0,0,0,0,0,0,0,0,0,0,0,0,0,0,0,0,0,0,0,0,0,0,0,0,0,0,0,0,2,NA,4.3,0.62176
"106","bendering","BHT4","BHT4MD",2,"BHT4MD.2","M","D","T",0,0,0,0,0,0,0,0,0,0,0,0,0,0,0,0,0,0,0,0,0,0,0,0,0,0,0,0,0,0,0,0,0,0,0,0,0,0,0,0,0,0,0,0,0,0,0,0,5,0,0,0,0,0,0,0,0,0,0,0,0,40.5,81,4.3,0.62176
"107","bendering","BHT4","BHT4MD",3,"BHT4MD.3","M","D","T",0,0,0,0,0,0,0,0,0,0,0,0,0,0,0,0,0,0,0,0,0,0,0,0,0,0,0,0,0,0,0,0,0,0,0,0,0,0,0,0,0,0,0,0,0,0,0,0,4,0,0,0,0,0,0,0,0,0,0,0,0,40.5,81,4.3,0.62176
"108","bendering","BHT4","BHT4MD",4,"BHT4MD.4","M","D","H",0,0,0,0,0,0,0,0,0,0,0,0,0,0,0,0,0,0,0,0,0,6,0,0,0,0,0,0,0,0,0,0,0,0,0,0,0,0,0,0,0,0,0,0,0,0,0,0,0,0,0,0,0,0,0,0,0,0,0,0,0,2,10,4.3,0.62176
"109","bendering","BHT4","BHT4ND",1,"BHT4ND.1","N","D","T",0,0,0,0,0,0,0,0,0,0,0,0,0,0,0,20,0,0,0,0,0,0,1,0,0,0,0,0,0,0,0,0,0,1,0,0,0,0,0,0,0,0,0,0,0,0,0,0,1,0,0,0,0,0,0,0,0,0,20,0,0,27,54,4.3,0.6121
"110","bendering","BHT4","BHT4ND",2,"BHT4ND.2","N","D","H",0,0,0,0,0,0,0,0,0,0,0,0,0,0,0,0,0,0,0,0,0,0,2,0,0,0,0,0,0,0,0,0,0,3,0,0,1,0,0,0,0,0,0,0,0,0,0,0,15,0,0,0,0,0,0,0,0,0,18,0,0,2,NA,4.3,0.6121
"111","bendering","BHT4","BHT4ND",3,"BHT4ND.3","N","D","T",0,0,0,0,0,0,0,0,0,0,0,0,0,0,0,30,0,0,0,0,0,0,1,0,0,0,0,0,0,0,0,0,0,8,0,0,0,0,0,0,0,0,0,0,0,0,0,0,0,0,0,0,0,0,0,0,0,0,20,0,0,36,72,4.3,0.6121
"112","bendering","BHT4","BHT4ND",4,"BHT4ND.4","N","D","H",0,0,0,0,0,0,0,0,0,0,0,0,0,0,0,15,0,0,0,0,0,0,3,0,0,0,0,0,0,0,0,0,0,12,0,0,0,0,0,0,0,0,0,0,0,0,0,0,7,0,0,0,0,0,0,0,0,0,27,0,0,2,NA,4.3,0.6121
"113","bendering","BHT4","BHT4SD",1,"BHT4SD.1","S","D","H",0,0,0,0,0,0,0,0,0,0,0,0,0,0,0,0,0,0,0,0,0,0,0,0,0,0,0,0,0,0,0,0,0,0,0,0,0,0,0,0,0,0,0,0,0,0,0,0,0,0,0,0,0,0,0,0,0,0,0,0,0,5,NA,4.3,0.59766
"114","bendering","BHT4","BHT4SD",2,"BHT4SD.2","S","D","T",0,0,0,0,0,0,0,0,0,0,0,0,0,0,0,0,0,0,0,0,0,0,0,0,0,0,0,0,0,0,0,0,0,0,0,0,0,0,0,0,0,0,0,0,0,0,0,0,0,0,0,0,0,0,0,0,0,0,0,0,0,126,252,4.3,0.59766
"115","bendering","BHT4","BHT4SD",3,"BHT4SD.3","S","D","H",0,0,0,0,0,0,0,0,0,0,0,0,0,0,0,0,0,0,0,0,0,0,0,0,0,0,0,0,0,0,0,0,0,0,0,0,0,0,0,0,0,0,0,0,0,0,0,0,0,0,0,0,0,0,0,0,0,0,0,0,0,5,28,4.3,0.59766
"116","bendering","BHT4","BHT4SD",4,"BHT4SD.4","S","D","T",0,0,0,0,0,0,0,0,0,0,0,0,0,0,0,0,0,0,0,0,0,0,0,0,0,0,0,0,0,0,0,0,0,0,0,0,0,0,0,0,0,0,0,0,0,0,0,0,0,0,0,0,0,0,0,0,0,0,0,0,0,103.5,207,4.3,0.59766
"117","bendering","BHW1","BHW1CD",1,"BHW1CD.1","C","D","H",0,0,0,0,0,0,0,0,0,0,0,0,0,0,0,13,0,0,0,0,0,7,0,0,0,0,1,0,0,0,0,0,0,0,0,0,0,0,0,0,2,0,0,0,0,0,0,0,7,0,0,0,1,0,0,0,0,0,7,0,0,NA,NA,9.1,0.44456
"118","bendering","BHW1","BHW1CD",2,"BHW1CD.2","C","D","W",0,3,0,0,0,0,0,0,0,0,0,0,0,0,0,10,0,0,0,0,0,1,1,0,0,0,0,0,0,0,0,0,0,8,0,0,0,0,0,0,0,0,0,0,0,0,0,0,0,0,0,0,1,0,0,0,0,0,15,0,0,7,234,9.1,0.44456
"119","bendering","BHW1","BHW1CD",3,"BHW1CD.3","C","D","H",0,0,0,0,0,0,0,0,0,0,0,0,0,0,0,20,0,0,0,0,0,0,0,0,0,0,1,0,0,0,0,0,0,0,0,0,0,0,0,0,0,0,0,0,0,0,0,0,3,0,0,0,1,0,0,0,0,0,13,0,0,1,NA,9.1,0.44456
"120","bendering","BHW1","BHW1CD",4,"BHW1CD.4","C","D","W",0,0,0,0,0,0,0,0,0,0,0,0,0,0,0,20,0,0,0,0,3,0,0,0,0,0,2,0,0,0,0,0,0,0,0,0,0,0,0,0,0,0,0,0,0,0,0,0,6,0,0,0,0,0,0,0,0,0,7,0,0,13,NA,9.1,0.44456
"121","bendering","BHW1","BHW1CD",4,"BHW1CD.4","C","D","W",0,0,0,0,0,0,0,0,0,0,0,0,0,0,0,0,0,0,0,0,0,0,0,0,0,0,2,0,0,0,0,0,0,0,0,0,0,0,0,0,0,0,0,0,0,0,0,0,0,0,0,0,0,0,0,0,0,0,0,0,0,13,NA,9.1,0.44456
"122","bendering","BHW1","BHW1ED",1,"BHW1ED.1","E","D","H",0,10,0,0,0,0,0,0,0,0,0,0,0,0,0,0,0,0,0,0,0,0,0,0,0,0,0,0,0,0,0,0,0,0,0,0,0,0,0,0,0,0,0,0,0,0,0,0,0,0,0,0,0,0,0,0,0,0,0,0,0,NA,NA,9.1,0.42582
"123","bendering","BHW1","BHW1ED",2,"BHW1ED.2","E","D","W",0,0,0,0,1,0,0,0,0,0,0,0,0,0,0,0,0,0,0,0,0,3,0,0,0,0,1,0,0,0,0,0,0,0,0,0,0,0,0,0,0,0,0,0,0,0,0,0,0,0,0,0,0,0,0,0,0,0,0,0,0,8,NA,9.1,0.42582
"124","bendering","BHW1","BHW1ED",4,"BHW1ED.4","E","D","H",0,3,0,0,5,0,0,0,0,0,0,0,0,0,0,0,0,0,0,0,0,0,0,0,0,0,1,0,0,0,0,0,0,0,0,0,0,0,0,0,0,0,0,0,0,0,0,0,0,0,0,0,3,0,0,0,0,0,0,0,0,2,NA,9.1,0.42582
"125","bendering","BHW1","BHW1MD",1,"BHW1MD.1","M","D","H",0,0,0,0,0,0,0,0,0,0,0,0,0,0,0,0,0,0,0,0,0,18,0,0,0,0,0,0,0,0,0,0,0,0,0,0,0,0,0,0,0,0,0,0,0,0,0,0,0,0,0,0,0,0,0,0,0,0,0,0,0,NA,NA,9.1,0.41593
"126","bendering","BHW1","BHW1MD",2,"BHW1MD.2","M","D","H",0,0,0,0,0,0,0,0,0,0,0,0,0,0,0,0,0,0,0,0,0,13,0,0,0,0,0,0,0,0,0,0,0,0,0,0,0,0,0,0,0,0,0,0,0,0,0,0,0,0,0,0,0,0,0,0,0,0,0,0,0,NA,NA,9.1,0.41593
"127","bendering","BHW1","BHW1MD",3,"BHW1MD.3","M","D","W",0,0,0,0,0,0,0,0,0,0,0,0,0,0,0,0,0,0,0,0,0,0,0,0,0,0,0,0,0,0,0,0,0,0,0,0,0,0,0,0,0,0,0,0,0,0,0,0,0,0,0,0,0,0,0,0,0,0,21,0,0,7,61,9.1,0.41593
"128","bendering","BHW1","BHW1MD",4,"BHW1MD.4","M","D","W",0,0,0,0,0,0,0,0,0,0,0,0,0,0,0,0,0,0,0,0,0,0,0,0,0,0,0,0,0,0,0,0,0,0,0,0,0,0,0,0,0,0,0,0,0,0,0,0,0,0,0,0,0,0,0,0,0,0,12,0,0,10,378,9.1,0.41593
"129","bendering","BHW1","BHW1ND",1,"BHW1ND.1","N","D","W",0,0,0,0,0,0,0,0,0,0,0,0,0,0,0,4,0,0,0,0,0,0,2,0,0,0,0,0,0,0,0,0,0,0,0,0,0,0,0,0,3,0,0,0,0,0,0,0,17,0,0,0,0,2,0,0,0,0,0,0,0,9,335,9.1,0.4028
"130","bendering","BHW1","BHW1ND",2,"BHW1ND.2","N","D","W",0,0,0,0,0,0,0,0,0,0,0,0,0,0,0,2,0,0,0,0,0,0,1,0,0,0,0,5,0,0,0,0,0,1,0,0,0,0,0,0,0,0,0,0,0,0,0,0,0,0,0,0,0,3,0,0,0,0,0,0,0,14,NA,9.1,0.4028
"131","bendering","BHW1","BHW1ND",3,"BHW1ND.3","N","D","H",0,0,0,0,0,0,0,0,0,0,0,0,0,0,0,0,0,0,0,0,1,0,2,0,0,0,0,0,0,0,0,0,0,0,0,0,0,0,0,0,0,11,0,0,0,0,0,0,4,0,0,0,0,0,0,0,0,0,8,0,0,NA,NA,9.1,0.4028
"132","bendering","BHW1","BHW1ND",4,"BHW1ND.4","N","D","H",0,0,0,0,0,0,0,0,0,0,0,0,0,0,0,3,0,0,0,0,0,0,3,0,0,0,0,0,0,0,0,0,0,0,0,0,0,0,0,0,0,2,0,0,0,0,0,0,5,0,0,0,0,0,0,0,0,0,23,0,0,1,NA,9.1,0.4028
"133","bendering","BHW1","BHW1SD",1,"BHW1SD.1","S","D","W",0,0,0,0,0,0,0,0,0,0,0,0,0,0,0,0,0,0,0,0,0,0,0,0,0,0,0,0,0,0,0,0,0,0,0,0,0,0,0,0,0,0,0,0,0,0,0,0,0,0,0,0,0,0,0,0,0,0,0,0,0,21,NA,9.1,0.39285
"134","bendering","BHW1","BHW1SD",2,"BHW1SD.2","S","D","H",0,0,0,0,0,0,0,0,0,0,0,0,0,0,0,0,0,0,0,0,0,0,0,0,0,0,0,0,0,0,0,0,0,0,0,0,0,0,0,0,0,0,0,0,0,0,0,0,0,0,0,0,0,0,0,0,0,0,0,0,0,2,NA,9.1,0.39285
"135","bendering","BHW1","BHW1SD",3,"BHW1SD.3","S","D","H",0,0,0,0,0,0,0,0,0,0,0,0,0,0,0,0,0,0,0,0,0,0,0,0,0,0,0,0,0,0,0,0,0,0,0,0,0,0,0,0,0,0,0,0,0,0,0,0,0,0,0,0,0,0,0,0,0,0,0,0,0,2,NA,9.1,0.39285
"136","bendering","BHW1","BHW1SD",4,"BHW1SD.4","S","D","W",0,0,0,0,0,0,0,0,0,0,0,0,0,0,0,0,0,0,0,0,0,0,0,0,0,0,0,0,0,0,0,0,0,0,0,0,0,0,0,0,0,0,0,0,0,0,0,0,0,0,0,0,0,0,0,0,0,0,0,0,0,20,NA,9.1,0.39285
"137","bendering","BHW3","BHW3CD",1,"BHW3CD.1","C","D","H",0,0,0,0,0,0,0,0,0,0,0,0,0,0,0,80,0,0,0,0,0,4,2,0,0,0,0,0,0,0,0,0,0,0,0,0,0,0,0,0,0,0,0,0,0,0,0,0,1,0,0,0,0,0,0,0,0,0,6,0,0,1,NA,9.5,0.678
"138","bendering","BHW3","BHW3CD",2,"BHW3CD.2","C","D","H",0,0,0,0,0,0,0,0,0,0,0,0,0,0,0,100,0,0,0,0,0,7,3,0,0,0,0,0,0,0,0,0,0,0,0,0,0,0,0,0,0,0,0,0,0,0,0,0,0,0,0,0,0,0,0,0,0,0,35,0,0,1,NA,9.5,0.678
"139","bendering","BHW3","BHW3CD",3,"BHW3CD.3","C","D","W",0,0,0,0,0,0,0,0,0,0,0,0,0,0,0,200,0,0,0,0,0,4,9,0,0,0,0,1,0,0,0,0,0,0,0,0,0,0,0,0,3,0,0,0,0,0,0,0,0,0,0,0,0,0,0,0,0,0,7,0,0,5,0,9.5,0.678
"140","bendering","BHW3","BHW3CD",4,"BHW3CD.4","C","D","W",0,0,0,0,0,0,0,0,0,0,0,0,0,0,0,70,0,0,0,0,0,5,4,0,0,0,0,0,0,0,0,0,0,0,0,0,0,0,0,3,3,0,0,0,0,0,0,0,0,0,0,0,0,0,0,0,0,0,19,0,0,7,0,9.5,0.678
"141","bendering","BHW4","BHW4CD",1,"BHW4CD.1","C","D","H",0,0,0,0,0,0,0,0,4,0,0,0,0,0,0,45,0,0,0,0,0,6,8,0,0,0,0,0,0,0,0,0,0,0,0,0,0,0,0,0,0,0,0,0,0,0,0,0,0,0,0,0,0,0,0,0,0,0,0,0,0,1,18,6.6,0.19531
"142","bendering","BHW4","BHW4CD",2,"BHW4CD.2","C","D","W",0,0,1,0,0,0,0,0,0,0,0,0,0,0,0,11,0,0,0,0,0,0,9,0,0,0,0,0,0,0,0,0,0,0,0,0,0,0,0,0,1,0,0,0,0,0,0,0,1,0,0,0,1,0,0,0,0,0,6,0,0,7,128,6.6,0.19531
"143","bendering","BHW4","BHW4CD",3,"BHW4CD.3","C","D","H",0,0,0,0,0,0,0,0,0,0,0,0,0,0,0,40,0,0,0,0,0,4,8,0,0,0,0,0,0,0,0,0,0,0,0,0,0,0,0,0,2,1,0,0,0,0,0,0,2,0,0,0,0,0,0,0,0,0,9,0,0,3,NA,6.6,0.19531
"144","bendering","BHW4","BHW4CD",4,"BHW4CD.4","C","D","W",0,0,0,0,0,0,0,0,0,0,0,0,0,0,0,50,0,0,0,0,0,11,3,0,0,0,0,0,0,0,0,0,0,0,0,0,0,0,0,0,2,0,0,0,0,0,0,0,1,0,0,0,0,0,0,0,0,0,4,0,0,8,15,6.6,0.19531
"145","bendering","BHW4","BHW4ED",1,"BHW4ED.1","E","D","W",0,0,0,0,0,0,0,0,0,0,0,0,0,0,0,0,0,0,0,0,0,40,0,0,0,0,0,0,0,0,0,0,0,0,0,0,0,0,0,0,0,0,0,0,0,0,0,0,0,0,0,0,0,0,0,0,0,0,0,0,0,3,NA,6.6,0.18904
"146","bendering","BHW4","BHW4ED",2,"BHW4ED.2","E","D","H",0,0,0,0,0,0,0,0,0,0,0,0,0,0,0,0,0,0,0,0,0,0,0,0,0,0,0,0,0,0,0,0,0,0,0,0,0,0,0,0,0,0,0,0,0,0,0,0,0,0,0,0,4,0,0,0,0,0,0,0,0,1,9,6.6,0.18904
"147","bendering","BHW4","BHW4ED",3,"BHW4ED.3","E","D","H",0,1,0,0,0,0,0,0,0,0,0,0,0,0,0,0,0,0,0,0,0,0,0,0,0,0,0,0,0,0,0,0,0,0,0,0,0,0,0,0,0,0,0,0,0,0,0,0,0,0,0,0,5,0,0,0,0,0,0,0,0,2,20,6.6,0.18904
"148","bendering","BHW4","BHW4ED",4,"BHW4ED.4","E","D","W",0,0,0,0,0,0,0,0,0,0,0,0,0,0,0,0,0,0,0,0,0,55,0,0,0,0,0,0,0,0,0,0,0,0,0,0,0,0,0,0,0,0,0,0,0,0,0,0,0,0,0,0,0,0,0,0,0,0,0,0,0,9,210,6.6,0.18904
"149","bendering","BHW4","BHW4MD",1,"BHW4MD.1","M","D","W",0,0,0,0,0,0,0,0,0,0,0,0,0,0,0,0,0,0,0,0,0,0,0,0,0,0,0,0,0,0,0,0,0,0,0,0,0,0,0,0,0,0,0,0,0,0,0,0,0,0,0,0,0,0,0,0,0,0,11,0,0,7,53,6.6,0.71549
"150","bendering","BHW4","BHW4MD",2,"BHW4MD.2","M","D","W",0,0,0,0,0,0,0,0,0,0,0,0,0,0,0,0,0,0,0,0,0,0,0,0,0,0,0,0,0,0,0,0,0,0,0,0,0,0,0,0,0,0,0,0,0,0,0,0,0,0,0,0,0,0,0,0,0,0,9,0,0,3,35,6.6,0.71549
"151","bendering","BHW4","BHW4MD",3,"BHW4MD.3","M","D","H",0,0,0,0,0,0,0,0,0,0,0,0,0,0,0,0,0,0,0,0,0,18,0,0,0,0,0,0,0,0,0,0,0,0,0,0,0,0,0,0,0,0,0,0,0,0,0,0,0,0,0,0,0,0,0,0,0,0,0,0,0,2,12,6.6,0.71549
"152","bendering","BHW4","BHW4ND",1,"BHW4ND.1","N","D","W",0,0,0,0,0,0,0,0,3,0,0,0,0,0,0,70,0,0,0,0,0,0,2,0,0,0,0,0,0,0,0,0,0,0,0,0,0,0,0,0,0,2,0,0,0,0,0,0,0,0,0,0,0,0,0,0,0,0,0,0,0,10,24,6.6,0.65325
"153","bendering","BHW4","BHW4ND",2,"BHW4ND.2","N","D","W",0,0,0,0,0,0,0,0,1,0,0,0,0,0,0,50,0,0,0,0,0,0,4,0,0,0,0,0,0,0,0,0,0,0,0,0,0,0,0,0,0,0,0,0,0,0,0,0,0,0,0,0,0,0,0,0,0,0,0,0,0,5,58,6.6,0.65325
"154","bendering","BHW4","BHW4ND",3,"BHW4ND.3","N","D","H",0,0,0,0,0,0,0,0,11,0,0,0,0,0,0,30,0,0,0,0,0,0,4,0,0,0,0,0,0,0,0,0,0,0,0,0,0,0,0,0,0,1,0,0,0,0,0,0,0,0,0,0,0,0,0,0,0,0,10,0,0,1,NA,6.6,0.65325
"155","bendering","BHW4","BHW4ND",4,"BHW4ND.4","N","D","H",0,0,0,0,0,0,0,0,6,0,0,0,0,0,0,60,0,0,0,0,0,0,2,0,0,0,0,0,0,0,0,0,0,0,0,0,1,0,0,0,0,0,0,0,0,0,0,0,0,0,0,0,0,0,0,0,0,0,1,0,0,1,NA,6.6,0.65325
"156","bendering","BHW4","BHW4SD",1,"BHW4SD.1","S","D","H",0,0,0,0,0,0,0,0,0,0,0,0,0,0,0,0,0,0,0,0,0,0,0,0,0,0,0,0,0,0,0,0,0,0,0,0,0,0,0,0,0,0,0,0,0,0,0,0,0,0,0,0,0,0,0,0,0,0,0,0,0,2,14,6.6,0.14881
"157","bendering","BHW4","BHW4SD",2,"BHW4SD.2","S","D","H",0,0,0,0,0,0,0,0,0,0,0,0,0,0,0,0,0,0,0,0,0,0,0,0,0,0,0,0,0,0,0,0,0,0,0,0,0,0,0,0,0,0,0,0,0,0,0,0,0,0,0,0,0,0,0,0,0,0,0,0,0,2,NA,6.6,0.14881
"158","bendering","BHW4","BHW4SD",3,"BHW4SD.3","S","D","W",0,0,0,0,0,0,0,0,0,0,0,0,0,0,0,0,0,0,0,0,0,0,0,0,0,0,0,0,0,0,0,0,0,0,0,0,0,0,0,0,0,0,0,0,0,0,0,0,0,0,0,0,0,0,0,0,0,0,0,0,0,12,231,6.6,0.14881
"159","bendering","BHW4","BHW4SD",4,"BHW4SD.4","S","D","W",0,0,0,0,0,0,0,0,0,0,0,0,0,0,0,0,0,0,0,0,0,0,0,0,0,0,0,0,0,0,0,0,0,0,0,0,0,0,0,0,0,0,0,0,0,0,0,0,0,0,0,0,0,0,0,0,0,0,0,0,0,18,338,6.6,0.14881
"160","bendering","BTW1","BTW1CD",1,"BTW1CD.1","C","D","T",0,0,0,0,0,0,0,0,0,0,0,0,0,0,0,6,0,0,0,0,0,0,0,0,0,0,0,0,0,0,0,0,0,0,6,0,0,0,0,0,0,0,0,0,6,0,0,0,5,0,0,0,0,0,0,0,0,0,8,0,0,54,108,6.7,0.41115
"161","bendering","BTW1","BTW1CD",2,"BTW1CD.2","C","D","W",0,0,0,0,0,0,0,0,0,0,0,0,0,0,0,9,0,0,0,0,0,0,0,0,0,0,0,0,0,0,0,0,0,0,0,0,0,0,0,0,2,0,0,0,3,0,0,0,4,0,0,0,0,0,0,0,0,0,7,0,0,5,40,6.7,0.41115
"162","bendering","BTW1","BTW1CD",3,"BTW1CD.3","C","D","W",0,0,0,0,0,0,0,0,0,0,0,0,0,0,0,15,0,0,0,0,0,3,0,0,0,0,0,0,0,0,0,0,0,0,0,0,0,0,0,0,0,0,0,0,0,0,0,0,10,0,0,0,0,1,0,0,0,0,5,0,0,22,NA,6.7,0.41115
"163","bendering","BTW1","BTW1ED",1,"BTW1ED.1","E","D","T",0,0,0,0,0,0,0,0,0,0,0,0,0,0,0,0,0,0,0,0,0,0,0,0,0,0,0,0,0,0,0,0,0,0,0,0,0,0,0,0,0,0,0,0,20,0,0,0,0,0,0,0,1,0,0,0,0,0,0,0,0,45,90,6.7,0.36998
"164","bendering","BTW1","BTW1ED",2,"BTW1ED.2","E","D","W",0,0,0,0,0,0,0,0,0,0,0,0,0,0,0,0,0,0,0,0,0,1,0,0,0,0,0,0,0,0,0,0,0,0,0,0,0,0,0,0,0,0,0,0,20,0,0,0,0,0,0,0,0,0,0,0,0,0,0,0,0,10,55,6.7,0.36998
"165","bendering","BTW1","BTW1ED",3,"BTW1ED.3","E","D","W",0,0,0,0,0,0,0,0,0,0,0,0,0,0,0,0,0,0,0,0,0,1,0,0,0,0,0,0,0,0,0,0,0,0,0,0,0,0,0,0,0,0,0,0,5,0,0,0,0,0,0,0,0,0,0,0,0,0,0,0,0,16,170,6.7,0.36998
"166","bendering","BTW1","BTW1MD",1,"BTW1MD.1","M","D","T",0,0,0,0,0,0,0,0,0,0,0,0,0,0,0,0,0,0,0,0,0,0,0,0,0,0,0,0,0,0,0,0,0,0,0,0,0,0,0,0,0,0,0,0,0,0,0,0,5,0,0,0,0,0,0,0,0,0,0,0,0,58.5,117,6.7,0.41962
"167","bendering","BTW1","BTW1MD",2,"BTW1MD.2","M","D","T",0,0,0,0,0,0,0,0,0,0,0,0,0,0,0,0,0,0,0,0,0,0,0,0,0,0,0,0,0,0,0,0,0,0,0,0,0,0,0,0,0,0,0,0,0,0,0,0,8,0,0,0,0,0,0,0,0,0,0,0,0,27,54,6.7,0.41962
"168","bendering","BTW1","BTW1MD",3,"BTW1MD.3","M","D","W",0,0,0,0,0,0,0,0,0,0,0,0,0,0,0,0,0,0,0,0,0,0,0,0,0,0,0,0,0,0,0,0,0,0,0,0,0,0,0,0,0,0,0,0,0,0,0,0,0,0,0,0,0,0,0,0,0,0,6,0,0,22,545,6.7,0.41962
"169","bendering","BTW1","BTW1MD",4,"BTW1MD.4","M","D","W",0,0,0,0,0,0,0,0,0,0,0,0,0,0,0,0,0,0,0,0,0,0,0,0,0,0,0,0,0,0,0,0,0,0,0,0,0,0,0,0,0,0,0,0,0,0,0,0,0,0,0,0,0,0,0,0,0,0,4,0,0,9,NA,6.7,0.41962
"170","bendering","BTW1","BTW1ND",2,"BTW1ND.2","N","D","W",0,0,0,0,0,0,0,0,0,0,0,0,0,0,0,18,1,0,0,0,0,0,0,0,0,0,0,0,0,0,0,0,0,0,0,0,0,0,0,0,0,0,0,0,0,0,0,0,2,0,0,0,0,0,0,0,0,0,0,0,0,16,62,6.7,0.3891
"171","bendering","BTW1","BTW1ND",3,"BTW1ND.3","N","D","W",0,0,0,0,0,0,0,0,0,0,0,0,0,0,0,25,1,0,0,0,0,0,0,0,0,0,0,0,0,0,0,0,0,0,0,0,0,0,0,0,1,0,0,0,0,0,0,0,0,0,0,0,0,4,0,0,0,0,0,0,0,13,209,6.7,0.3891
"172","bendering","BTW1","BTW1ND",4,"BTW1ND.4","N","D","T",0,0,0,0,0,0,0,0,0,0,0,0,0,0,0,40,0,0,0,0,1,0,0,0,0,0,0,0,0,0,0,0,0,0,0,0,0,0,0,2,0,0,0,0,0,0,0,0,0,0,0,0,0,0,0,0,0,0,3,0,0,18,36,6.7,0.3891
"173","bendering","BTW1","BTW1SD",1,"BTW1SD.1","S","D","W",0,0,0,0,0,0,0,0,0,0,0,0,0,0,0,0,0,0,0,0,0,0,0,0,0,0,0,0,0,0,0,0,0,0,0,0,0,0,0,0,0,0,0,0,0,0,0,0,0,0,0,0,0,0,0,0,0,0,0,0,0,10,NA,6.7,0.4425
"174","bendering","BTW1","BTW1SD",2,"BTW1SD.2","S","D","T",0,0,0,0,0,0,0,0,0,0,0,0,0,0,0,0,0,0,0,0,0,0,0,0,0,0,0,0,0,0,0,0,0,0,0,0,0,0,0,0,0,0,0,0,0,0,0,0,0,0,0,0,0,0,0,0,0,0,0,0,0,67.5,135,6.7,0.4425
"175","bendering","BTW1","BTW1SD",3,"BTW1SD.3","S","D","T",0,0,0,0,0,0,0,0,0,0,0,0,0,0,0,0,0,0,0,0,0,0,0,0,0,0,0,0,0,0,0,0,0,0,0,0,0,0,0,0,0,0,0,0,0,0,0,0,0,0,0,0,0,0,0,0,0,0,0,0,0,180,360,6.7,0.4425
"176","bendering","BTW1","BTW1SD",4,"BTW1SD.4","S","D","W",0,0,0,0,0,0,0,0,0,0,0,0,0,0,0,0,0,0,0,0,0,0,0,0,0,0,0,0,0,0,0,0,0,0,0,0,0,0,0,0,0,0,0,0,0,0,0,0,0,0,0,0,0,0,0,0,0,0,0,0,0,26,435,6.7,0.4425
"177","bendering","BTW3","BTW3CD",2,"BTW3CD.2","C","D","W",0,0,0,0,0,0,0,0,0,0,0,0,0,0,0,10,0,0,0,0,0,7,0,0,0,0,0,0,0,0,0,0,0,0,0,0,0,0,0,0,0,0,0,0,135,0,0,0,13,0,0,0,1,0,0,0,0,0,8,0,0,9,52,8.4,0.11521
"178","bendering","BTW3","BTW3CD",3,"BTW3CD.3","C","D","W",0,0,0,0,0,0,0,0,0,0,0,0,0,0,0,0,0,0,0,0,0,0,0,0,0,0,0,0,0,0,0,0,0,0,0,0,0,0,0,0,1,0,0,0,200,0,0,0,0,0,0,0,0,0,0,0,0,0,13,0,0,7,149,8.4,0.11521
"179","perenjori","PAH1","PAH1CD",2,"PAH1CD.2","C","D","H",1,4,0,0,0,0,0,0,0,0,0,0,0,20,0,0,0,0,0,0,0,0,0,0,0,0,4,0,5,0,0,0,0,0,0,0,0,0,0,0,0,0,0,0,0,0,0,3,0,0,0,0,0,0,0,0,0,0,0,0,0,4,NA,26,0.47917
"180","perenjori","PAH1","PAH1MD",1,"PAH1MD.1","M","D","A",0,0,0,0,0,0,0,0,0,0,0,0,0,0,0,0,0,0,0,0,0,3,0,0,0,0,0,0,0,0,0,0,0,0,0,0,0,0,0,0,0,0,0,0,0,0,0,0,0,0,0,0,0,0,0,0,0,0,0,0,0,4,NA,26,0.23149
"181","perenjori","PAH1","PAH1MD",2,"PAH1MD.2","M","D","H",0,1,0,0,0,0,0,0,0,0,0,0,0,0,0,0,0,0,0,0,0,0,0,0,0,0,0,0,0,0,0,0,0,0,0,0,0,0,0,0,0,0,0,0,0,0,0,0,0,0,0,0,0,0,0,0,0,0,0,0,0,4,48,26,0.23149
"182","perenjori","PAH1","PAH1MD",3,"PAH1MD.3","M","D","A",0,0,0,0,0,0,0,0,0,0,0,0,0,0,0,0,0,0,0,0,0,3,0,0,0,0,0,0,0,0,0,0,0,0,0,0,0,0,0,0,0,0,0,0,0,0,0,0,0,0,0,0,0,0,0,0,0,0,0,0,0,3,NA,26,0.23149
"183","perenjori","PAH1","PAH1MD",4,"PAH1MD.4","M","D","H",0,1,0,0,0,0,0,0,0,0,0,0,0,0,0,0,0,0,0,0,0,0,0,0,0,0,0,0,0,0,0,0,0,0,0,0,0,0,0,0,0,0,0,0,0,0,0,0,0,0,0,0,0,0,0,0,0,0,0,0,0,3,NA,26,0.23149
"184","perenjori","PAH2","PAH2CD",3,"PAH2CD.3","C","D","H",0,3,0,0,0,0,0,0,0,0,0,0,0,0,0,0,0,0,0,0,0,1,0,0,0,0,0,0,0,0,50,0,0,0,0,0,0,0,0,0,0,0,0,0,0,3,0,0,0,0,0,0,0,0,0,0,0,0,0,0,0,4,0,25.7,0.22679
"185","perenjori","PAH2","PAH2CD",4,"PAH2CD.4","C","D","A",0,6,0,0,0,0,0,0,0,0,0,0,0,0,0,0,0,0,0,0,0,0,0,0,0,0,0,0,0,0,40,0,2,0,0,0,0,0,0,0,2,0,0,0,0,3,1,0,1,0,0,1,0,0,0,0,0,0,0,0,0,1,0,25.7,0.22679
"186","perenjori","PAH2","PAH2MD",1,"PAH2MD.1","M","D","H",0,0,0,0,0,0,0,0,0,0,0,0,0,0,0,0,0,0,0,0,0,2,0,0,0,0,0,0,0,0,0,0,0,0,0,0,0,0,0,0,0,0,0,0,0,0,0,0,0,0,0,0,0,0,0,0,0,0,0,0,0,2,0,25.7,0.08284
"187","perenjori","PAH2","PAH2MD",2,"PAH2MD.2","M","D","A",0,2,0,0,0,0,0,0,0,0,0,0,0,0,0,0,0,0,0,0,0,0,0,0,0,0,0,0,0,0,0,0,0,0,0,0,0,0,0,0,0,0,0,0,0,0,0,0,0,0,0,0,0,0,0,0,0,0,0,0,0,6,NA,25.7,0.08284
"188","perenjori","PAH2","PAH2MD",3,"PAH2MD.3","M","D","A",0,2,0,0,0,0,0,0,0,0,0,0,0,0,0,0,0,0,0,0,0,0,0,0,0,0,0,0,0,0,0,0,0,0,0,0,0,0,0,0,0,0,0,0,0,0,0,0,0,0,0,0,0,0,0,0,0,0,0,0,0,11,NA,25.7,0.08284
"189","perenjori","PAH2","PAH2MD",4,"PAH2MD.4","M","D","H",0,0,0,0,0,0,0,0,0,0,0,0,0,0,0,0,0,0,0,0,0,1,0,0,0,0,0,0,0,0,0,0,0,0,0,0,0,0,0,0,0,0,0,0,0,0,0,0,0,0,0,0,0,0,0,0,0,0,0,0,0,1,NA,25.7,0.08284
"190","perenjori","PAH2","PAH2ND",1,"PAH2ND.1","N","D","A",0,0,0,0,0,0,0,0,0,0,0,0,0,0,0,5,0,0,0,20,0,0,0,0,0,0,0,0,0,0,0,0,0,0,0,0,0,0,0,0,0,0,0,0,0,0,0,0,0,0,0,0,0,0,0,0,0,0,1,0,0,3,NA,25.7,0.15094
"191","perenjori","PAH2","PAH2ND",2,"PAH2ND.2","N","D","H",0,0,1,0,0,0,0,0,0,0,0,0,0,0,0,4,0,0,0,20,0,0,0,0,0,0,0,0,0,0,0,0,0,0,0,0,0,0,0,0,0,0,0,0,0,0,0,0,0,0,0,0,0,0,0,0,0,0,1,0,0,4,NA,25.7,0.15094
"192","perenjori","PAH2","PAH2ND",3,"PAH2ND.3","N","D","A",0,0,0,0,0,0,0,0,0,0,0,0,0,0,0,0,0,0,0,10,0,0,0,0,0,0,0,0,0,0,0,0,0,0,0,0,0,0,0,0,2,0,0,0,0,0,0,0,0,0,0,0,0,0,0,0,0,0,3,0,0,9,NA,25.7,0.15094
"193","perenjori","PAH2","PAH2ND",4,"PAH2ND.4","N","D","H",0,0,0,0,0,0,0,0,0,0,0,0,0,0,0,2,0,0,0,40,0,0,0,0,0,0,0,0,0,0,0,0,0,0,0,0,0,0,0,0,0,0,0,0,0,0,0,0,0,0,0,0,0,0,0,0,0,0,3,0,0,5,NA,25.7,0.15094
"194","perenjori","PAH2","PAH2SD",1,"PAH2SD.1","S","D","A",0,0,0,0,0,0,0,0,0,0,0,0,0,0,0,0,0,0,0,0,0,0,0,0,0,0,0,0,0,0,0,0,0,0,0,0,0,0,0,0,0,0,0,0,0,0,0,0,0,0,0,0,0,0,0,0,0,0,0,0,0,2,0,25.7,0.15409
"195","perenjori","PAH2","PAH2SD",2,"PAH2SD.2","S","D","H",0,0,0,0,0,0,0,0,0,0,0,0,0,0,0,0,0,0,0,0,0,0,0,0,0,0,0,0,0,0,0,0,0,0,0,0,0,0,0,0,0,0,0,0,0,0,0,0,0,0,0,0,0,0,0,0,0,0,0,0,0,3,0,25.7,0.15409
"196","perenjori","PAH3","PAH3MD",1,"PAH3MD.1","M","D","A",0,7,0,0,0,0,0,0,0,0,0,0,0,0,0,0,0,0,0,0,0,0,0,0,0,0,0,0,0,0,0,0,0,0,0,0,0,0,0,0,0,0,0,0,0,0,0,0,0,0,0,0,0,0,0,0,0,0,0,0,0,3,NA,12.8,0.28916
"197","perenjori","PAH3","PAH3MD",2,"PAH3MD.2","M","D","H",0,0,0,0,0,0,0,0,0,0,0,0,0,0,0,0,0,0,0,0,0,3,0,0,0,0,0,0,0,0,0,0,0,0,0,0,0,0,0,0,0,0,0,0,0,0,0,0,0,0,0,0,0,0,0,0,0,0,0,0,0,2,30,12.8,0.28916
"198","perenjori","PAH3","PAH3MD",3,"PAH3MD.3","M","D","A",0,5,0,0,0,0,0,0,0,0,0,0,0,0,0,0,0,0,0,0,0,0,0,0,0,0,0,0,0,0,0,0,0,0,0,0,0,0,0,0,0,0,0,0,0,0,0,0,0,0,0,0,0,0,0,0,0,0,0,0,0,4,NA,12.8,0.28916
"199","perenjori","PAH3","PAH3MD",4,"PAH3MD.4","M","D","H",0,0,0,0,0,0,0,0,0,0,0,0,0,0,0,0,0,0,0,0,0,3,0,0,0,0,0,0,0,0,0,0,0,0,0,0,0,0,0,0,0,0,0,0,0,0,0,0,0,0,0,0,0,0,0,0,0,0,0,0,0,2,68,12.8,0.28916
"200","perenjori","PAH3","PAH3ND",1,"PAH3ND.1","N","D","H",0,0,2,0,0,1,0,0,0,0,0,0,0,0,0,9,0,0,0,0,0,0,1,0,0,0,0,0,0,0,0,0,0,0,0,0,0,0,0,0,11,0,0,0,0,0,0,0,4,0,0,0,0,0,5,0,0,0,8,0,0,5,NA,12.8,0.29006
"201","perenjori","PAH3","PAH3ND",2,"PAH3ND.2","N","D","A",0,0,0,0,0,2,0,0,0,0,0,0,0,0,2,30,0,0,0,0,0,0,0,0,0,0,0,0,0,0,0,0,0,0,0,0,0,0,0,0,8,0,0,0,0,0,0,0,0,0,0,0,0,1,0,0,0,0,4,0,0,5,NA,12.8,0.29006
"202","perenjori","PAH3","PAH3ND",4,"PAH3ND.4","N","D","H",0,0,1,0,0,1,0,0,0,0,0,0,0,0,0,20,0,0,0,0,0,0,0,0,0,0,0,0,0,0,0,0,0,0,0,0,0,0,0,0,13,0,0,0,0,0,0,0,1,0,0,0,0,0,0,0,0,0,3,0,0,1,NA,12.8,0.29006
"203","perenjori","PAH4","PAH4ED",1,"PAH4ED.1","E","D","A",0,0,0,0,0,0,0,0,0,0,0,0,0,0,0,0,0,0,0,0,0,2,0,0,0,0,2,0,20,0,0,0,14,0,0,0,0,0,0,0,0,0,0,0,0,0,0,0,0,0,0,0,0,0,0,10,0,0,0,0,0,3,NA,8.1,0.63977
"204","perenjori","PAH4","PAH4ED",2,"PAH4ED.2","E","D","H",0,11,0,0,0,0,0,0,0,0,0,0,0,0,0,0,0,0,0,0,0,0,0,0,0,0,5,0,5,0,0,0,9,0,0,0,0,0,0,0,0,0,0,0,0,0,0,0,0,0,0,0,0,0,0,10,0,0,0,0,0,5,NA,8.1,0.63977
"205","perenjori","PAH4","PAH4ED",3,"PAH4ED.3","E","D","H",0,12,0,0,0,0,0,0,0,0,0,0,0,0,0,0,0,0,0,0,0,0,0,0,0,0,0,0,2,0,0,0,0,0,0,0,0,0,0,0,0,0,0,0,0,0,0,0,0,0,0,0,0,0,0,20,0,0,0,0,0,5,56,8.1,0.63977
"206","perenjori","PAH4","PAH4ED",4,"PAH4ED.4","E","D","A",0,0,0,0,0,0,0,0,0,0,0,0,0,2,0,0,0,0,0,0,0,8,0,0,0,0,0,0,20,0,0,0,4,0,0,0,0,0,0,0,0,0,0,0,0,0,0,0,0,0,0,0,0,0,0,50,0,0,0,0,0,3,NA,8.1,0.63977
"207","perenjori","PAH4","PAH4SD",1,"PAH4SD.1","S","D","H",0,0,0,0,0,0,0,0,0,0,0,0,0,0,0,0,0,0,0,0,0,0,0,0,0,0,0,0,0,0,0,0,0,0,0,0,0,0,0,0,0,0,0,0,0,0,0,0,0,0,0,0,0,0,0,0,0,0,0,0,0,8,140,8.1,0.53944
"208","perenjori","PAH4","PAH4SD",2,"PAH4SD.2","S","D","A",0,0,0,0,0,0,0,0,0,0,0,0,0,0,0,0,0,0,0,0,0,0,0,0,0,0,0,0,0,0,0,0,0,0,0,0,0,0,0,0,0,0,0,0,0,0,0,0,0,0,0,0,0,0,0,0,0,0,0,0,0,3,NA,8.1,0.53944
"209","perenjori","PAH4","PAH4SD",3,"PAH4SD.3","S","D","H",0,0,0,0,0,0,0,0,0,0,0,0,0,0,0,0,0,0,0,0,0,0,0,0,0,0,0,0,0,0,0,0,0,0,0,0,0,0,0,0,0,0,0,0,0,0,0,0,0,0,0,0,0,0,0,0,0,0,0,0,0,3,39,8.1,0.53944
"210","perenjori","PAH4","PAH4SD",4,"PAH4SD.4","S","D","A",0,0,0,0,0,0,0,0,0,0,0,0,0,0,0,0,0,0,0,0,0,0,0,0,0,0,0,0,0,0,0,0,0,0,0,0,0,0,0,0,0,0,0,0,0,0,0,0,0,0,0,0,0,0,0,0,0,0,0,0,0,6,NA,8.1,0.53944
"211","perenjori","PAT1","PAT1CD",1,"PAT1CD.1","C","D","T",1,0,0,0,0,0,0,0,0,0,0,3,0,0,0,0,0,0,0,0,0,0,0,0,0,0,0,3,12,0,0,0,0,0,0,0,0,0,0,0,0,0,1,0,0,0,0,0,3,0,0,0,0,0,0,20,0,0,1,0,0,9,18,9.8,0.45867
"212","perenjori","PAT1","PAT1CD",2,"PAT1CD.2","C","D","A",0,1,0,0,0,0,0,0,0,0,0,1,0,0,0,0,0,0,0,0,0,0,0,0,0,0,0,4,11,0,0,0,0,0,0,0,0,0,0,0,0,0,0,0,0,0,0,0,10,0,0,0,0,0,1,7,0,0,0,0,0,2,NA,9.8,0.45867
"213","perenjori","PAT1","PAT1CD",3,"PAT1CD.3","C","D","A",0,1,0,0,0,0,0,0,0,0,0,0,0,0,0,0,0,0,0,0,0,0,0,0,0,0,0,12,0,0,0,0,0,0,0,1,0,0,0,0,0,0,0,0,0,0,0,0,12,0,0,0,0,0,2,6,0,0,1,0,0,6,NA,9.8,0.45867
"214","perenjori","PAT1","PAT1CD",4,"PAT1CD.4","C","D","T",0,0,0,0,0,1,0,0,0,0,0,3,0,0,0,1,0,0,0,0,0,0,0,0,0,0,0,2,10,0,0,0,0,0,0,0,0,0,0,0,0,0,0,0,0,0,0,0,4,0,0,0,0,0,0,11,0,0,2,0,0,18,36,9.8,0.45867
"215","perenjori","PAT1","PAT1ED",1,"PAT1ED.1","E","D","T",0,0,0,0,0,0,0,0,0,0,0,11,0,0,0,0,0,0,0,0,0,0,0,0,0,0,0,0,20,0,3,0,0,0,0,0,0,0,0,0,0,0,0,0,0,0,0,0,0,0,0,0,0,0,0,7,0,0,0,0,0,27,54,9.8,0.42343
"216","perenjori","PAT1","PAT1ED",2,"PAT1ED.2","E","D","T",0,0,0,0,0,0,0,0,0,0,0,7,0,0,0,0,0,0,0,0,0,0,0,0,0,0,0,0,30,0,6,0,0,0,0,0,0,0,0,0,0,0,0,0,0,0,0,0,0,0,0,0,0,0,0,20,0,0,0,0,0,9,18,9.8,0.42343
"217","perenjori","PAT1","PAT1ED",3,"PAT1ED.3","E","D","A",0,0,0,0,0,0,0,0,0,0,0,40,0,0,0,0,0,0,0,0,0,0,0,0,0,0,0,0,30,0,10,0,0,0,0,0,0,0,0,0,0,0,0,0,0,0,0,0,0,0,0,0,0,0,0,40,0,0,0,0,0,1,NA,9.8,0.42343
"218","perenjori","PAT1","PAT1ED",4,"PAT1ED.4","E","D","A",0,0,0,0,0,0,0,0,0,0,0,7,0,0,0,0,0,0,0,0,0,0,0,0,0,0,0,0,30,0,0,0,0,0,0,0,0,0,0,0,0,0,0,0,0,0,0,0,0,0,0,0,0,0,0,20,0,0,0,0,0,2,NA,9.8,0.42343
"219","perenjori","PAT1","PAT1MD",1,"PAT1MD.1","M","D","A",0,1,0,0,0,0,0,0,0,0,0,0,0,0,0,0,0,0,0,0,0,0,0,0,0,0,0,0,0,0,0,0,0,0,0,0,0,0,0,0,0,0,0,0,0,0,0,0,0,0,0,0,0,0,0,0,0,0,0,0,0,7,NA,9.8,0.5047
"220","perenjori","PAT1","PAT1MD",2,"PAT1MD.2","M","D","A",0,3,0,0,0,0,0,0,0,0,0,0,0,0,0,0,0,0,0,0,0,0,0,0,0,0,0,0,0,0,0,0,0,0,0,0,0,0,0,0,0,0,0,0,0,0,0,0,0,0,0,0,0,0,0,0,0,0,0,0,0,15,NA,9.8,0.5047
"221","perenjori","PAT1","PAT1MD",3,"PAT1MD.3","M","D","T",0,0,0,0,0,0,0,0,0,0,0,0,0,0,0,0,0,0,0,0,0,0,0,0,0,0,0,0,0,0,0,0,0,0,0,0,0,0,0,0,0,0,0,0,0,0,0,0,15,0,0,0,0,0,0,0,0,0,0,0,0,9,18,9.8,0.5047
"222","perenjori","PAT1","PAT1MD",4,"PAT1MD.4","M","D","T",0,0,0,0,0,0,0,0,0,0,0,0,0,0,0,0,0,0,0,0,0,0,0,0,0,0,0,0,0,0,0,0,0,0,0,0,0,0,0,0,0,0,0,0,0,0,0,0,9,0,0,0,0,0,0,0,0,0,0,0,0,36,72,9.8,0.5047
"223","perenjori","PAT1","PAT1ND",1,"PAT1ND.1","N","D","A",0,0,0,0,0,0,0,0,0,0,0,0,0,0,0,0,0,0,0,0,0,0,0,0,0,0,0,0,0,0,0,0,0,0,0,0,0,0,0,0,0,0,0,0,0,0,0,0,4,0,0,0,0,0,1,0,0,0,1,0,0,2,0,9.8,0.52841
"224","perenjori","PAT1","PAT1ND",2,"PAT1ND.2","N","D","T",0,0,0,0,0,0,0,0,0,0,0,0,0,0,0,0,0,0,0,0,0,0,0,0,0,0,0,1,0,0,0,0,0,0,0,1,0,0,0,0,0,0,4,1,0,0,0,0,0,0,0,0,0,5,0,0,0,0,1,0,0,18,36,9.8,0.52841
"225","perenjori","PAT1","PAT1ND",3,"PAT1ND.3","N","D","T",0,0,0,0,0,0,0,0,0,0,0,0,0,0,0,0,0,0,0,0,0,0,0,0,0,0,0,0,0,0,0,0,0,0,1,0,0,0,0,0,0,0,4,1,0,0,0,0,0,0,0,0,0,1,0,0,0,0,1,0,0,13.5,27,9.8,0.52841
"226","perenjori","PAT1","PAT1ND",4,"PAT1ND.4","N","D","A",0,0,0,0,0,0,0,0,0,0,0,0,0,0,0,0,0,0,0,0,0,0,0,0,0,0,0,0,0,0,0,0,0,0,0,2,0,0,0,0,0,0,5,0,0,0,0,0,7,0,0,0,0,2,0,0,0,0,2,0,0,3,NA,9.8,0.52841
"227","perenjori","PAT1","PAT1SD",1,"PAT1SD.1","S","D","T",0,0,0,0,0,0,0,0,0,0,0,0,0,0,0,0,0,0,0,0,0,0,0,0,0,0,0,0,0,0,0,0,0,0,0,0,0,0,0,0,0,0,0,0,0,0,0,0,0,0,0,0,0,0,0,0,0,0,0,0,0,13.5,27,9.8,0.4745
"228","perenjori","PAT1","PAT1SD",2,"PAT1SD.2","S","D","T",0,0,0,0,0,0,0,0,0,0,0,0,0,0,0,0,0,0,0,0,0,0,0,0,0,0,0,0,0,0,0,0,0,0,0,0,0,0,0,0,0,0,0,0,0,0,0,0,0,0,0,0,0,0,0,0,0,0,0,0,0,9,18,9.8,0.4745
"229","perenjori","PAT1","PAT1SD",3,"PAT1SD.3","S","D","A",0,0,0,0,0,0,0,0,0,0,0,0,0,0,0,0,0,0,0,0,0,0,0,0,0,0,0,0,0,0,0,0,0,0,0,0,0,0,0,0,0,0,0,0,0,0,0,0,0,0,0,0,0,0,0,0,0,0,0,0,0,4,NA,9.8,0.4745
"230","perenjori","PAT1","PAT1SD",4,"PAT1SD.4","S","D","A",0,0,0,0,0,0,0,0,0,0,0,0,0,0,0,0,0,0,0,0,0,0,0,0,0,0,0,0,0,0,0,0,0,0,0,0,0,0,0,0,0,0,0,0,0,0,0,0,0,0,0,0,0,0,0,0,0,0,0,0,0,3,NA,9.8,0.4745
"231","perenjori","PAT3","PAT3CD",1,"PAT3CD.1","C","D","A",0,13,0,0,0,0,0,0,0,0,0,0,0,8,1,0,0,0,0,1,0,0,2,0,0,0,0,0,4,0,0,0,0,0,1,0,0,0,0,0,0,0,0,1,0,0,0,0,2,0,0,0,0,0,0,0,0,0,1,0,0,6,NA,11.9,0.23126
"232","perenjori","PAT3","PAT3CD",2,"PAT3CD.2","C","D","T",0,6,0,0,0,0,0,0,0,0,0,0,0,30,0,0,0,0,0,0,3,4,0,0,0,0,0,0,0,0,2,0,0,0,0,0,0,0,0,0,0,0,0,0,0,0,0,0,4,0,0,0,0,0,0,0,0,0,1,0,0,9,18,11.9,0.23126
"233","perenjori","PAT3","PAT3CD",3,"PAT3CD.3","C","D","A",0,5,0,0,0,0,0,0,0,0,0,0,0,20,0,0,0,0,0,3,2,0,0,0,0,0,0,0,4,0,5,0,0,0,0,0,0,0,0,0,0,0,0,0,0,0,0,0,1,0,0,0,0,0,0,0,0,0,0,0,0,2,NA,11.9,0.23126
"234","perenjori","PAT3","PAT3CD",4,"PAT3CD.4","C","D","T",0,3,0,0,0,0,0,0,0,0,0,0,0,5,0,0,0,0,0,10,0,0,4,0,0,0,0,0,5,0,5,0,0,0,0,0,0,0,0,0,0,0,0,0,0,0,0,0,4,0,0,0,0,0,0,0,0,0,0,0,0,13.5,27,11.9,0.23126
"235","perenjori","PAT3","PAT3ED",1,"PAT3ED.1","E","D","A",0,0,0,0,0,0,0,0,0,0,0,0,0,30,0,0,0,0,0,0,0,3,0,0,0,0,0,0,9,0,0,0,0,0,0,0,0,0,0,0,0,0,0,0,0,0,0,0,0,0,0,0,0,0,0,0,0,0,0,0,0,3,0,11.9,0.34896
"236","perenjori","PAT3","PAT3ED",2,"PAT3ED.2","E","D","T",0,5,0,0,0,0,0,0,0,0,0,0,0,20,0,0,0,0,0,0,0,0,0,0,0,0,0,0,8,0,0,0,0,0,0,0,0,0,0,0,0,0,0,0,0,0,0,0,0,0,0,0,0,0,0,0,0,0,0,0,0,13.5,27,11.9,0.34896
"237","perenjori","PAT3","PAT3ED",3,"PAT3ED.3","E","D","A",0,0,0,0,0,0,0,0,0,0,0,0,0,50,0,0,0,0,0,0,0,0,0,0,0,0,0,0,25,0,0,0,0,0,0,0,0,0,0,0,0,0,0,0,0,0,0,0,0,0,0,0,0,0,0,0,0,0,0,0,0,2,0,11.9,0.34896
"238","perenjori","PAT3","PAT3ED",4,"PAT3ED.4","E","D","T",0,3,0,0,0,0,0,0,0,0,0,0,0,20,0,0,0,0,0,0,0,0,0,0,0,0,0,0,5,0,3,0,0,0,0,0,0,0,0,0,0,0,0,0,0,0,0,0,0,0,0,0,0,0,0,0,0,0,0,0,0,9,18,11.9,0.34896
"239","perenjori","PAT3","PAT3MD",1,"PAT3MD.1","M","D","A",0,5,0,0,0,0,0,0,0,0,0,0,0,0,0,0,0,0,0,0,0,0,0,0,0,0,0,0,0,0,0,0,0,0,0,0,0,0,0,0,0,0,0,0,0,0,0,0,0,0,0,0,0,0,0,0,0,0,0,0,0,6,NA,11.9,0.18334
"240","perenjori","PAT3","PAT3MD",2,"PAT3MD.2","M","D","A",0,12,0,0,0,0,0,0,0,0,0,0,0,0,0,0,0,0,0,0,0,0,0,0,0,0,0,0,0,0,0,0,0,0,0,0,0,0,0,0,0,0,0,0,0,0,0,0,0,0,0,0,0,0,0,0,0,0,0,0,0,3,NA,11.9,0.18334
"241","perenjori","PAT3","PAT3MD",3,"PAT3MD.3","M","D","T",0,0,0,0,0,0,0,0,0,0,0,0,0,0,0,0,0,0,0,0,0,0,0,0,0,0,0,0,0,0,0,0,0,0,0,0,0,0,0,0,0,0,0,0,0,0,0,0,12,0,0,0,0,0,0,0,0,0,0,0,0,58.5,117,11.9,0.18334
"242","perenjori","PAT3","PAT3MD",4,"PAT3MD.4","M","D","T",0,0,0,0,0,0,0,0,0,0,0,0,0,0,0,0,0,0,0,0,0,0,0,0,0,0,0,0,0,0,0,0,0,0,0,0,0,0,0,0,0,0,0,0,0,0,0,0,9,0,0,0,0,0,0,0,0,0,0,0,0,13.5,27,11.9,0.18334
"243","perenjori","PAT3","PAT3ND",2,"PAT3ND.2","N","D","T",0,0,0,0,0,0,0,0,0,0,0,0,0,0,0,0,0,0,0,0,0,0,0,0,0,0,0,0,0,0,0,0,0,0,0,1,0,0,0,0,0,0,0,1,0,0,0,0,0,0,0,0,0,2,0,0,0,0,1,0,0,13.5,27,11.9,0.30214
"244","perenjori","PAT3","PAT3ND",3,"PAT3ND.3","N","D","A",0,0,0,0,0,0,0,0,0,0,0,0,0,0,0,0,0,0,0,8,0,0,1,0,0,0,0,0,0,0,0,0,0,0,0,1,0,0,0,0,0,0,0,0,0,0,0,0,5,0,0,0,0,0,0,0,0,0,1,0,0,1,NA,11.9,0.30214
"245","perenjori","PAT3","PAT3ND",4,"PAT3ND.4","N","D","T",0,0,0,0,0,0,0,0,0,0,0,0,0,0,0,0,0,0,0,20,0,0,1,0,0,0,0,0,0,0,0,0,0,0,0,0,0,0,0,0,0,0,0,1,0,0,0,0,0,0,0,0,0,0,0,0,0,0,1,0,0,18,36,11.9,0.30214
"246","perenjori","PAT3","PAT3SD",2,"PAT3SD.2","S","D","T",0,0,0,0,0,0,0,0,0,0,0,0,0,0,0,0,0,0,0,0,0,0,0,0,0,0,0,0,0,0,0,0,0,0,0,0,0,0,0,0,0,0,0,0,0,0,0,0,0,0,0,0,0,0,0,0,0,0,0,0,0,NA,NA,11.9,0.1879
"247","perenjori","PAT3","PAT3SD",3,"PAT3SD.3","S","D","T",0,0,0,0,0,0,0,0,0,0,0,0,0,0,0,0,0,0,0,0,0,0,0,0,0,0,0,0,0,0,0,0,0,0,0,0,0,0,0,0,0,0,0,0,0,0,0,0,0,0,0,0,0,0,0,0,0,0,0,0,0,18,36,11.9,0.1879
"248","perenjori","PAT4","PAT4CD",1,"PAT4CD.1","C","D","T",0,0,0,1,0,0,0,0,0,0,0,0,0,0,0,0,0,0,0,0,0,0,0,0,0,0,0,0,0,0,7,0,0,0,0,0,0,0,0,0,0,0,0,0,0,0,0,0,4,0,0,0,0,0,7,0,0,0,0,0,0,4.5,9,7.6,0.61803
"249","perenjori","PAT4","PAT4CD",3,"PAT4CD.3","C","D","T",0,0,0,0,0,3,0,0,0,0,0,0,0,0,0,0,0,0,0,0,0,0,0,0,0,0,0,0,4,0,0,0,0,0,0,0,0,0,0,0,0,0,0,0,0,0,0,0,0,0,0,0,0,0,2,0,0,0,1,0,0,9,18,7.6,0.61803
"250","perenjori","PAT4","PAT4CD",4,"PAT4CD.4","C","D","A",0,1,0,0,0,0,0,0,0,0,0,0,0,0,0,0,0,0,2,0,0,0,0,0,0,0,1,0,4,0,0,0,0,0,0,0,0,0,0,0,0,0,0,0,0,0,0,0,10,0,0,0,0,0,0,0,0,0,0,0,0,NA,NA,7.6,0.61803
"251","perenjori","PAT4","PAT4ED",3,"PAT4ED.3","E","D","T",0,0,0,0,0,0,0,0,0,0,0,0,0,0,0,0,0,0,0,0,0,0,0,0,0,0,0,0,2,0,0,0,0,0,0,0,0,0,0,0,0,0,0,0,0,8,0,0,0,0,0,0,0,0,0,5,0,0,0,0,0,13.5,27,7.6,0.65887
"252","perenjori","PAT4","PAT4ED",4,"PAT4ED.4","E","D","T",0,6,0,0,0,0,0,0,0,0,0,0,0,0,0,0,0,0,0,0,0,0,0,0,0,0,0,0,0,0,0,0,0,0,0,0,0,0,0,0,0,0,0,0,0,12,0,0,0,0,0,0,0,0,0,1,0,0,0,0,0,9,18,7.6,0.65887
"253","perenjori","PAT4","PAT4MD",2,"PAT4MD.2","M","D","A",0,1,0,0,0,0,0,0,0,0,0,0,0,0,0,0,0,0,0,0,0,0,0,0,0,0,0,0,0,0,0,0,0,0,0,0,0,0,0,0,0,0,0,0,0,0,0,0,0,0,0,0,0,0,0,0,0,0,0,0,0,3,0,7.6,0.62792
"254","perenjori","PAT4","PAT4MD",4,"PAT4MD.4","M","D","T",0,0,0,0,0,0,0,0,0,0,0,0,0,0,0,0,0,0,0,0,0,0,0,0,0,0,0,0,0,0,0,0,0,0,0,0,0,0,0,0,0,0,0,0,0,0,0,0,3,0,0,0,0,0,0,0,0,0,0,0,0,4.5,9,7.6,0.62792
"255","perenjori","PAT4","PAT4ND",1,"PAT4ND.1","N","D","A",0,0,0,1,0,2,0,0,0,0,0,0,0,0,0,0,0,0,0,0,0,0,0,0,0,0,0,0,0,0,0,0,0,0,0,0,0,0,0,0,0,0,0,0,0,0,0,0,2,0,0,0,0,0,2,0,0,0,5,0,0,NA,NA,7.6,0.56634
"256","perenjori","PAT4","PAT4ND",2,"PAT4ND.2","N","D","T",0,0,0,0,0,0,0,0,0,0,0,0,0,0,0,0,0,0,0,0,0,0,0,0,0,0,0,0,0,0,0,0,0,0,0,0,0,0,0,0,0,0,2,0,0,0,0,0,0,0,0,0,0,0,0,0,0,0,6,0,0,9,18,7.6,0.56634
"257","perenjori","PAT4","PAT4ND",3,"PAT4ND.3","N","D","A",0,0,0,0,0,0,0,0,0,0,0,0,0,0,0,0,0,0,0,0,0,0,0,0,0,0,0,0,0,0,0,0,0,0,0,0,0,0,0,0,0,0,0,0,0,0,0,0,4,0,0,0,0,0,0,0,0,0,6,0,0,2,0,7.6,0.56634
"258","perenjori","PAT4","PAT4ND",4,"PAT4ND.4","N","D","T",0,0,0,0,0,0,0,0,0,0,0,0,0,0,0,0,0,0,0,0,0,0,0,0,0,0,0,1,0,0,0,0,0,0,0,0,0,0,0,0,0,0,0,0,0,0,0,0,0,0,0,0,0,0,0,0,0,0,0,0,0,22.5,45,7.6,0.56634
"259","perenjori","PAT4","PAT4SD",1,"PAT4SD.1","S","D","A",0,0,0,0,0,0,0,0,0,0,0,0,0,0,0,0,0,0,0,0,0,0,0,0,0,0,0,0,0,0,0,0,0,0,0,0,0,0,0,0,0,0,0,0,0,0,0,0,0,0,0,0,0,0,0,0,0,0,0,0,0,1,0,7.6,0.55481
"260","perenjori","PAT4","PAT4SD",2,"PAT4SD.2","S","D","A",0,0,0,0,0,0,0,0,0,0,0,0,0,0,0,0,0,0,0,0,0,0,0,0,0,0,0,0,0,0,0,0,0,0,0,0,0,0,0,0,0,0,0,0,0,0,0,0,0,0,0,0,0,0,0,0,0,0,0,0,0,0,0,7.6,0.55481
"261","perenjori","PAW1","PAW1CD",1,"PAW1CD.1","C","D","W",0,0,0,0,0,0,0,0,0,0,2,0,0,0,0,0,0,0,1,6,0,0,0,0,0,0,0,0,0,0,6,0,0,0,28,0,0,0,0,0,0,0,1,0,0,0,0,0,0,0,0,0,0,0,1,0,0,0,0,0,0,NA,NA,10.3,0.19099
"262","perenjori","PAW1","PAW1CD",2,"PAW1CD.2","C","D","A",0,0,0,0,0,0,0,0,0,0,0,0,0,0,0,0,0,0,0,10,0,0,0,0,0,0,0,0,0,0,0,0,0,0,35,0,0,0,0,0,0,0,0,0,0,0,0,0,0,0,0,0,0,0,1,0,0,0,2,0,0,4,NA,10.3,0.19099
"263","perenjori","PAW1","PAW1CD",3,"PAW1CD.3","C","D","A",1,0,0,0,0,0,0,0,0,0,0,0,0,0,0,0,0,0,0,6,0,0,0,0,0,0,0,0,0,0,0,0,0,0,8,0,0,0,0,0,0,0,1,0,0,0,0,0,0,0,0,0,0,0,2,0,0,0,2,0,0,3,NA,10.3,0.19099
"264","perenjori","PAW1","PAW1MD",1,"PAW1MD.1","M","D","A",0,1,0,0,0,0,0,0,0,0,0,0,0,0,0,0,0,0,0,0,0,0,0,0,0,0,0,0,0,0,0,0,0,0,0,0,0,0,0,0,0,0,0,0,0,0,0,0,0,0,0,0,0,0,0,0,0,0,0,0,0,5,NA,10.3,0.18612
"265","perenjori","PAW1","PAW1MD",2,"PAW1MD.2","M","D","A",0,2,0,0,0,0,0,0,0,0,0,0,0,0,0,0,0,0,0,0,0,0,0,0,0,0,0,0,0,0,0,0,0,0,0,0,0,0,0,0,0,0,0,0,0,0,0,0,0,0,0,0,0,0,0,0,0,0,0,0,0,5,39,10.3,0.18612
"266","perenjori","PAW1","PAW1MD",3,"PAW1MD.3","M","D","W",0,0,0,0,0,0,0,0,0,0,0,0,0,0,0,0,0,0,0,0,0,0,0,0,0,0,0,0,0,0,0,0,0,0,0,0,0,0,0,0,0,0,0,0,0,0,0,0,0,0,0,0,0,0,0,0,0,0,1,0,0,15,240,10.3,0.18612
"267","perenjori","PAW1","PAW1MD",4,"PAW1MD.4","M","D","W",0,0,0,0,0,0,0,0,0,0,0,0,0,0,0,0,0,0,0,0,0,0,0,0,0,0,0,0,0,0,0,0,0,0,0,0,0,0,0,0,0,0,0,0,0,0,0,0,0,0,0,0,0,0,0,0,0,0,1,0,0,30,178,10.3,0.18612
"268","perenjori","PAW1","PAW1SD",1,"PAW1SD.1","S","D","W",0,0,0,0,0,0,0,0,0,0,0,0,0,0,0,0,0,0,0,0,0,0,0,0,0,0,0,0,0,0,0,0,0,0,0,0,0,0,0,0,0,0,0,0,0,0,0,0,0,0,0,0,0,0,0,0,0,0,0,0,0,15,389,10.3,0.53675
"269","perenjori","PAW1","PAW1SD",4,"PAW1SD.4","S","D","A",0,0,0,0,0,0,0,0,0,0,0,0,0,0,0,0,0,0,0,0,0,0,0,0,0,0,0,0,0,0,0,0,0,0,0,0,0,0,0,0,0,0,0,0,0,0,0,0,0,0,0,0,0,0,0,0,0,0,0,0,0,0,0,10.3,0.53675
"270","perenjori","PAW2","PAW2CD",1,"PAW2CD.1","C","D","A",0,2,0,0,0,0,0,0,0,0,0,0,0,3,0,5,0,0,0,0,0,0,0,0,0,0,0,0,2,0,40,0,0,0,14,0,0,0,0,0,0,0,0,0,0,0,0,0,0,0,0,0,0,0,0,0,0,0,0,0,0,4,NA,11.7,0.67905
"271","perenjori","PAW2","PAW2CD",2,"PAW2CD.2","C","D","W",0,11,0,0,0,0,0,0,0,0,0,0,0,20,0,4,0,0,0,0,0,0,0,0,0,0,0,0,7,0,30,0,0,0,5,0,0,0,0,0,0,0,0,0,0,0,0,0,1,0,0,0,0,0,0,0,0,0,1,0,0,5,107,11.7,0.67905
"272","perenjori","PAW2","PAW2CD",3,"PAW2CD.3","C","D","W",0,16,0,0,0,0,1,0,0,0,0,0,0,30,0,0,0,0,0,0,0,0,0,0,0,0,0,0,0,0,10,0,0,0,0,0,0,0,0,0,0,0,0,0,0,0,0,0,0,0,0,0,0,0,0,0,0,0,2,0,0,7,400,11.7,0.67905
"273","perenjori","PAW2","PAW2CD",4,"PAW2CD.4","C","D","A",0,2,0,0,0,0,0,0,0,0,0,0,0,8,0,10,0,0,0,0,0,0,2,0,0,0,0,0,18,0,100,0,0,0,9,0,0,0,0,0,0,0,0,0,0,0,0,0,0,0,0,0,0,0,0,0,0,0,0,0,0,1,NA,11.7,0.67905
"274","perenjori","PAW2","PAW2ED",1,"PAW2ED.1","E","D","W",0,2,0,0,0,0,0,0,0,0,0,0,0,11,0,0,0,0,0,0,0,1,0,0,0,0,0,0,0,0,20,0,0,0,0,0,0,0,0,0,0,0,0,0,0,0,0,0,0,0,0,0,0,0,0,0,0,0,0,0,0,16,634,11.7,0.67326
"275","perenjori","PAW2","PAW2ED",2,"PAW2ED.2","E","D","A",0,0,0,0,0,0,0,0,0,0,0,0,0,30,0,0,0,0,0,0,0,2,0,0,0,0,0,0,2,0,20,0,0,0,0,0,0,0,0,0,0,0,0,0,0,0,0,0,0,0,0,0,0,0,0,0,0,0,0,0,0,5,NA,11.7,0.67326
"276","perenjori","PAW2","PAW2ED",3,"PAW2ED.3","E","D","A",0,0,0,0,0,0,0,0,0,0,0,2,0,20,0,0,0,0,0,0,0,0,0,0,0,0,0,0,1,0,3,0,0,0,0,0,0,0,0,0,0,0,0,0,0,0,0,0,0,0,0,0,0,0,0,0,0,0,0,0,0,1,0,11.7,0.67326
"277","perenjori","PAW2","PAW2ED",4,"PAW2ED.4","E","D","W",0,3,0,0,0,0,0,0,0,0,0,0,0,8,0,0,0,0,0,0,0,0,0,0,0,0,1,0,5,0,20,0,0,0,0,0,0,0,0,0,0,0,0,0,0,0,0,0,0,0,0,0,0,0,0,0,0,0,0,0,0,6,0,11.7,0.67326
"278","perenjori","PAW2","PAW2MD",2,"PAW2MD.2","M","D","A",0,2,0,0,0,0,0,0,0,0,0,0,0,0,0,0,0,0,0,0,0,0,0,0,0,0,0,0,0,0,0,0,0,0,0,0,0,0,0,0,0,0,0,0,0,0,0,0,0,0,0,0,0,0,0,0,0,0,0,0,0,5,NA,11.7,0.65331
"279","perenjori","PAW2","PAW2MD",3,"PAW2MD.3","M","D","A",0,3,0,0,0,0,0,0,0,0,0,0,0,0,0,0,0,0,0,0,0,0,0,0,0,0,0,0,0,0,0,0,0,0,0,0,0,0,0,0,0,0,0,0,0,0,0,0,0,0,0,0,0,0,0,0,0,0,0,0,0,3,NA,11.7,0.65331
"280","perenjori","PAW2","PAW2ND",2,"PAW2ND.2","N","D","W",0,0,0,0,0,0,0,0,0,0,0,0,0,0,0,0,0,0,0,0,0,0,0,0,0,0,0,0,0,0,0,0,0,0,0,1,0,0,0,0,0,0,0,0,0,0,0,0,1,0,0,0,0,0,0,0,0,0,0,0,0,2,NA,11.7,0.64545
"281","perenjori","PAW2","PAW2ND",3,"PAW2ND.3","N","D","W",0,0,0,0,0,0,0,0,0,0,0,0,0,0,0,2,0,0,8,0,0,0,1,0,0,0,0,3,0,0,0,0,0,0,0,1,0,0,0,0,0,0,0,0,0,0,0,0,0,0,0,0,0,0,0,0,0,0,0,0,0,3,NA,11.7,0.64545
"282","perenjori","PAW2","PAW2ND",4,"PAW2ND.4","N","D","A",0,0,0,0,0,0,0,0,0,0,0,0,0,0,0,0,0,0,5,0,0,0,0,0,0,0,0,10,0,0,0,0,0,0,0,1,0,0,0,0,0,0,0,0,0,0,0,0,0,0,0,0,0,0,0,0,0,0,2,0,0,1,NA,11.7,0.64545
"283","perenjori","PAW2","PAW2SD",1,"PAW2SD.1","S","D","W",0,0,0,0,0,0,0,0,0,0,0,0,0,0,0,0,0,0,0,0,0,0,0,0,0,0,0,0,0,0,0,0,0,0,0,0,0,0,0,0,0,0,0,0,0,0,0,0,0,0,0,0,0,0,0,0,0,0,0,0,0,6,197,11.7,0.64432
"284","perenjori","PAW2","PAW2SD",2,"PAW2SD.2","S","D","W",0,0,0,0,0,0,0,0,0,0,0,0,0,0,0,0,0,0,0,0,0,0,0,0,0,0,0,0,0,0,0,0,0,0,0,0,0,0,0,0,0,0,0,0,0,0,0,0,0,0,0,0,0,0,0,0,0,0,0,0,0,3,NA,11.7,0.64432
"285","perenjori","PAW2","PAW2SD",3,"PAW2SD.3","S","D","A",0,0,0,0,0,0,0,0,0,0,0,0,0,0,0,0,0,0,0,0,0,0,0,0,0,0,0,0,0,0,0,0,0,0,0,0,0,0,0,0,0,0,0,0,0,0,0,0,0,0,0,0,0,0,0,0,0,0,0,0,0,2,NA,11.7,0.64432
"286","perenjori","PAW2","PAW2SD",4,"PAW2SD.4","S","D","A",0,0,0,0,0,0,0,0,0,0,0,0,0,0,0,0,0,0,0,0,0,0,0,0,0,0,0,0,0,0,0,0,0,0,0,0,0,0,0,0,0,0,0,0,0,0,0,0,0,0,0,0,0,0,0,0,0,0,0,0,0,4,NA,11.7,0.64432
"287","perenjori","PAW3","PAW3CD",1,"PAW3CD.1","C","D","W",0,2,0,0,0,1,0,0,0,0,0,0,0,0,0,0,0,0,0,0,0,3,0,0,0,0,0,0,5,0,2,0,2,0,0,0,0,0,0,0,2,0,0,0,0,0,1,0,2,0,0,0,0,2,0,0,0,0,0,0,0,4,124,20.4,0.60302
"288","perenjori","PAW3","PAW3CD",2,"PAW3CD.2","C","D","A",0,0,0,0,0,0,0,0,0,0,0,0,0,0,0,6,0,0,0,0,0,0,0,0,0,0,3,0,3,0,2,0,0,0,0,0,0,0,0,0,5,0,0,0,0,0,0,0,4,0,0,0,0,3,0,0,0,0,4,0,0,4,NA,20.4,0.60302
"289","perenjori","PAW3","PAW3CD",3,"PAW3CD.3","C","D","W",0,0,0,0,0,0,0,0,0,0,0,0,0,0,0,5,0,0,0,0,0,2,0,0,0,0,1,0,4,0,6,0,0,0,0,2,0,0,0,0,4,0,0,0,0,0,0,0,0,0,0,0,0,3,0,0,0,0,0,0,0,3,118,20.4,0.60302
"290","perenjori","PAW3","PAW3CD",4,"PAW3CD.4","C","D","A",0,0,0,0,0,0,0,0,0,0,0,0,0,0,0,0,0,0,0,4,0,3,3,0,0,0,1,0,9,0,0,0,0,0,0,0,0,0,0,0,2,0,0,0,0,0,0,0,12,0,0,0,0,0,0,1,0,0,8,0,0,6,NA,20.4,0.60302
"291","perenjori","PAW3","PAW3ED",1,"PAW3ED.1","E","D","W",0,0,0,0,0,0,0,0,0,0,0,0,0,0,0,0,0,0,0,0,0,0,0,0,0,0,0,0,2,0,20,0,18,0,0,0,0,0,0,0,0,0,0,0,0,0,0,0,0,0,0,0,0,0,0,0,0,0,0,0,0,4,0,20.4,0.65303
"292","perenjori","PAW3","PAW3ED",2,"PAW3ED.2","E","D","A",0,0,0,0,0,0,0,0,0,0,0,0,0,0,0,0,0,0,0,0,0,0,0,0,0,0,0,0,1,0,22,0,1,0,0,0,0,0,0,0,0,0,0,0,0,0,0,0,0,0,0,0,0,0,0,0,0,0,0,0,0,1,NA,20.4,0.65303
"293","perenjori","PAW3","PAW3MD",1,"PAW3MD.1","M","D","A",0,8,0,0,0,0,0,0,0,0,0,0,0,0,0,0,0,0,0,0,0,0,0,0,0,0,0,0,0,0,0,0,0,0,0,0,0,0,0,0,0,0,0,0,0,0,0,0,0,0,0,0,0,0,0,0,0,0,0,0,0,3,NA,20.4,0.59413
"294","perenjori","PAW3","PAW3MD",3,"PAW3MD.3","M","D","A",0,10,0,0,0,0,0,0,0,0,0,0,0,0,0,0,0,0,0,0,0,0,0,0,0,0,0,0,0,0,0,0,0,0,0,0,0,0,0,0,0,0,0,0,0,0,0,0,0,0,0,0,0,0,0,0,0,0,0,0,0,4,NA,20.4,0.59413
"295","perenjori","PAW3","PAW3MD",4,"PAW3MD.4","M","D","W",0,0,0,0,0,0,0,0,0,0,0,0,0,0,0,0,0,0,0,0,0,0,0,0,0,0,0,0,0,0,0,0,0,0,0,0,0,0,0,0,0,0,0,0,0,0,0,0,0,0,0,0,0,0,0,0,0,0,10,0,0,4,75,20.4,0.59413
"296","perenjori","PAW3","PAW3ND",1,"PAW3ND.1","N","D","W",0,0,7,0,0,0,0,0,0,0,4,0,0,0,0,9,0,0,0,9,1,0,0,0,0,0,0,0,0,0,0,0,0,0,0,2,0,0,0,0,11,0,0,0,0,0,0,0,1,0,0,0,0,0,0,0,0,0,0,0,0,8,90,20.4,0.65359
"297","perenjori","PAW3","PAW3ND",2,"PAW3ND.2","N","D","W",0,0,3,0,0,0,0,1,0,0,3,0,0,0,0,4,0,0,0,14,0,0,0,0,0,0,0,0,0,0,0,0,0,0,0,0,0,0,0,0,3,0,0,0,0,0,0,0,0,0,0,0,0,3,0,0,0,0,0,0,0,9,546,20.4,0.65359
"298","perenjori","PAW3","PAW3ND",3,"PAW3ND.3","N","D","A",0,0,2,0,0,0,0,0,0,0,0,0,0,0,0,2,0,0,0,0,0,0,0,0,0,0,0,0,0,0,0,0,0,0,0,0,0,0,0,0,0,0,0,0,0,0,0,0,2,0,0,0,0,1,0,0,0,0,5,0,0,5,0,20.4,0.65359
"299","perenjori","PAW3","PAW3ND",4,"PAW3ND.4","N","D","A",0,0,5,0,0,0,0,0,0,0,0,0,0,0,0,5,0,0,0,4,1,0,0,0,0,0,0,0,0,0,0,0,0,0,0,0,0,0,0,0,4,0,0,0,0,0,0,0,2,0,0,0,0,0,0,0,0,0,0,0,0,7,NA,20.4,0.65359
"300","perenjori","PAW3","PAW3SD",1,"PAW3SD.1","S","D","W",0,0,0,0,0,0,0,0,0,0,0,0,0,0,0,0,0,0,0,0,0,0,0,0,0,0,0,0,0,0,0,0,0,0,0,0,0,0,0,0,0,0,0,0,0,0,0,0,0,0,0,0,0,0,0,0,0,0,0,0,0,6,375,20.4,0.44294
"301","perenjori","PAW3","PAW3SD",2,"PAW3SD.2","S","D","A",0,0,0,0,0,0,0,0,0,0,0,0,0,0,0,0,0,0,0,0,0,0,0,0,0,0,0,0,0,0,0,0,0,0,0,0,0,0,0,0,0,0,0,0,0,0,0,0,0,0,0,0,0,0,0,0,0,0,0,0,0,6,NA,20.4,0.44294
"302","perenjori","PAW3","PAW3SD",3,"PAW3SD.3","S","D","W",0,0,0,0,0,0,0,0,0,0,0,0,0,0,0,0,0,0,0,0,0,0,0,0,0,0,0,0,0,0,0,0,0,0,0,0,0,0,0,0,0,0,0,0,0,0,0,0,0,0,0,0,0,0,0,0,0,0,0,0,0,7,180,20.4,0.44294
"303","perenjori","PAW3","PAW3SD",4,"PAW3SD.4","S","D","A",0,0,0,0,0,0,0,0,0,0,0,0,0,0,0,0,0,0,0,0,0,0,0,0,0,0,0,0,0,0,0,0,0,0,0,0,0,0,0,0,0,0,0,0,0,0,0,0,0,0,0,0,0,0,0,0,0,0,0,0,0,3,NA,20.4,0.44294
"304","perenjori","PAW4","PAW4CD",1,"PAW4CD.1","C","D","W",0,9,0,0,0,0,5,0,0,0,0,0,0,0,0,0,0,0,0,0,0,0,0,0,0,0,3,4,0,0,30,0,0,0,0,0,0,0,0,0,0,0,0,0,0,0,0,0,0,0,0,0,0,0,0,7,0,0,1,0,0,18,NA,14.9,0.60511
"305","perenjori","PAW4","PAW4CD",2,"PAW4CD.2","C","D","A",0,8,0,0,0,0,3,0,0,0,0,0,0,0,0,0,0,0,0,0,0,0,0,0,0,0,0,2,0,0,40,0,0,0,0,0,0,0,0,0,0,0,0,0,0,0,0,0,0,0,0,0,0,0,0,2,0,0,1,0,0,1,0,14.9,0.60511
"306","perenjori","PAW4","PAW4CD",3,"PAW4CD.3","C","D","A",0,11,0,0,0,7,5,0,0,0,0,0,0,0,0,0,0,0,0,0,0,0,0,0,0,0,1,0,0,0,40,0,0,0,0,0,0,0,0,0,0,0,2,0,0,0,2,0,0,0,0,0,0,0,0,0,0,0,0,0,0,6,NA,14.9,0.60511
"307","perenjori","PAW4","PAW4CD",4,"PAW4CD.4","C","D","W",0,6,0,0,0,9,4,0,0,0,20,0,0,0,0,0,0,0,0,0,0,0,0,0,0,0,0,0,2,0,20,0,0,0,0,0,0,0,0,0,0,0,1,0,0,0,0,0,0,0,0,0,0,0,0,0,0,0,2,0,0,8,NA,14.9,0.60511
"308","perenjori","PAW4","PAW4ED",1,"PAW4ED.1","E","D","W",0,7,0,0,0,0,0,0,0,0,0,0,0,0,0,0,0,0,0,0,0,1,0,0,0,0,1,0,0,0,10,0,0,0,0,0,0,0,0,0,0,0,0,0,0,0,0,0,0,0,0,0,0,0,0,0,0,0,0,0,0,13,228,NA,0.60715
"309","perenjori","PAW4","PAW4ED",2,"PAW4ED.2","E","D","A",0,0,0,0,0,0,0,0,0,0,0,0,0,0,0,0,0,0,0,0,0,0,0,0,0,0,0,0,0,0,50,0,0,0,0,0,0,0,0,0,0,0,0,0,0,0,2,0,0,0,0,0,0,0,0,0,0,0,0,0,0,2,NA,NA,0.60715
"310","perenjori","PAW4","PAW4ED",3,"PAW4ED.3","E","D","A",0,0,0,0,0,0,0,0,0,0,0,0,0,0,0,0,0,0,0,0,0,0,0,0,0,0,10,0,0,0,13,0,0,0,0,0,0,0,0,0,0,0,0,0,0,0,0,0,0,0,0,0,0,0,0,0,0,0,0,0,0,2,0,NA,0.60715
"311","perenjori","PAW4","PAW4ED",4,"PAW4ED.4","E","D","W",0,12,0,0,0,0,0,0,0,0,0,0,0,0,0,0,0,0,0,0,0,0,0,0,0,0,8,0,0,0,12,0,0,0,0,0,0,0,0,0,0,0,0,0,0,0,0,0,0,0,0,0,0,0,0,0,0,0,0,0,0,4,48,NA,0.60715
"312","perenjori","PAW4","PAW4MD",1,"PAW4MD.1","M","D","W",0,0,0,0,0,0,0,0,0,0,0,0,0,0,0,0,0,0,0,0,0,0,0,0,0,0,0,0,0,0,0,0,0,0,0,0,0,0,0,0,0,0,0,0,0,0,0,0,0,0,0,0,0,0,0,0,0,0,5,0,0,6,72,14.9,0.61879
"313","perenjori","PAW4","PAW4MD",2,"PAW4MD.2","M","D","A",0,9,0,0,0,0,0,0,0,0,0,0,0,0,0,0,0,0,0,0,0,0,0,0,0,0,0,0,0,0,0,0,0,0,0,0,0,0,0,0,0,0,0,0,0,0,0,0,0,0,0,0,0,0,0,0,0,0,0,0,0,1,0,14.9,0.61879
"314","perenjori","PAW4","PAW4MD",3,"PAW4MD.3","M","D","A",0,10,0,0,0,0,0,0,0,0,0,0,0,0,0,0,0,0,0,0,0,0,0,0,0,0,0,0,0,0,0,0,0,0,0,0,0,0,0,0,0,0,0,0,0,0,0,0,0,0,0,0,0,0,0,0,0,0,0,0,0,2,NA,14.9,0.61879
"315","perenjori","PAW4","PAW4MD",4,"PAW4MD.4","M","D","W",0,0,0,0,0,0,0,0,0,0,0,0,0,0,0,0,0,0,0,0,0,0,0,0,0,0,0,0,0,0,0,0,0,0,0,0,0,0,0,0,0,0,0,0,0,0,0,0,0,0,0,0,0,0,0,0,0,0,3,0,0,5,NA,14.9,0.61879
"316","perenjori","PAW4","PAW4ND",1,"PAW4ND.1","N","D","W",0,0,0,0,0,25,2,0,0,0,5,0,0,0,0,0,0,0,0,0,0,0,0,0,0,0,0,0,0,0,0,0,0,0,0,0,0,0,0,0,0,0,1,0,0,0,0,0,0,0,0,0,0,0,0,0,0,0,0,0,0,5,NA,14.9,0.54601
"317","perenjori","PAW4","PAW4ND",2,"PAW4ND.2","N","D","A",0,0,0,0,0,4,4,0,0,0,2,0,0,0,0,0,0,0,2,0,1,0,0,0,0,0,0,0,0,0,0,0,0,0,0,0,0,0,0,0,0,0,0,0,0,0,0,0,1,0,0,0,0,0,1,0,0,0,1,0,0,2,79,14.9,0.54601
"318","perenjori","PAW4","PAW4ND",3,"PAW4ND.3","N","D","W",0,0,0,0,0,5,0,0,0,0,0,0,0,0,0,0,0,0,1,0,0,0,0,0,0,0,0,0,0,0,0,0,0,0,0,0,0,0,0,0,0,0,18,4,0,0,0,0,0,0,0,0,0,0,0,0,0,0,0,0,0,3,27,14.9,0.54601
"319","perenjori","PAW4","PAW4ND",4,"PAW4ND.4","N","D","A",0,0,0,0,0,5,12,0,0,0,3,0,0,0,0,0,0,0,0,0,0,0,0,0,0,0,0,0,0,0,0,0,0,0,0,0,0,0,0,0,0,0,4,0,0,0,0,0,0,0,0,0,0,0,0,0,0,0,0,0,0,2,NA,14.9,0.54601
"320","perenjori","PAW4","PAW4SD",1,"PAW4SD.1","S","D","W",0,0,0,0,0,0,0,0,0,0,0,0,0,0,0,0,0,0,0,0,0,0,0,0,0,0,0,0,0,0,0,0,0,0,0,0,0,0,0,0,0,0,0,0,0,0,0,0,0,0,0,0,0,0,0,0,0,0,0,0,0,1,0,14.9,0.61065
"321","perenjori","PAW4","PAW4SD",2,"PAW4SD.2","S","D","A",0,0,0,0,0,0,0,0,0,0,0,0,0,0,0,0,0,0,0,0,0,0,0,0,0,0,0,0,0,0,0,0,0,0,0,0,0,0,0,0,0,0,0,0,0,0,0,0,0,0,0,0,0,0,0,0,0,0,0,0,0,7,0,14.9,0.61065
"322","perenjori","PAW4","PAW4SD",3,"PAW4SD.3","S","D","A",0,0,0,0,0,0,0,0,0,0,0,0,0,0,0,0,0,0,0,0,0,0,0,0,0,0,0,0,0,0,0,0,0,0,0,0,0,0,0,0,0,0,0,0,0,0,0,0,0,0,0,0,0,0,0,0,0,0,0,0,0,2,0,14.9,0.61065
"323","perenjori","PAW4","PAW4SD",4,"PAW4SD.4","S","D","W",0,0,0,0,0,0,0,0,0,0,0,0,0,0,0,0,0,0,0,0,0,0,0,0,0,0,0,0,0,0,0,0,0,0,0,0,0,0,0,0,0,0,0,0,0,0,0,0,0,0,0,0,0,0,0,0,0,0,0,0,0,16,445,14.9,0.61065
"324","perenjori","PHT1","PHT1CD",1,"PHT1CD.1","C","D","H",0,0,0,0,0,0,0,0,0,0,0,0,0,0,0,0,0,0,0,0,0,1,0,0,0,0,0,0,0,0,0,0,0,0,0,0,0,0,0,0,0,0,0,0,0,0,0,0,8,0,0,0,0,4,0,1,0,0,11,0,0,1,NA,14.8,0.43834
"325","perenjori","PHT1","PHT1CD",2,"PHT1CD.2","C","D","T",0,0,0,0,0,1,0,0,0,0,0,0,0,0,0,0,0,0,0,0,0,0,0,0,0,0,0,0,0,0,0,0,0,0,0,0,0,0,0,0,0,0,0,0,0,0,0,0,5,0,0,0,0,0,0,1,0,0,5,0,0,31.5,63,14.8,0.43834
"326","perenjori","PHT1","PHT1CD",3,"PHT1CD.3","C","D","T",0,0,0,0,0,0,0,0,0,0,0,0,0,0,0,2,0,0,0,0,0,0,0,0,0,0,1,0,0,0,0,0,0,0,0,0,0,0,0,0,0,0,0,0,0,0,0,0,10,0,0,0,0,1,0,0,0,0,7,0,0,22.5,45,14.8,0.43834
"327","perenjori","PHT1","PHT1ED",1,"PHT1ED.1","E","D","T",0,0,0,0,0,0,0,0,0,0,0,7,0,0,0,0,0,0,0,0,0,0,0,0,0,0,0,0,0,0,8,0,0,0,0,0,0,0,0,0,0,0,0,0,0,0,0,0,0,0,0,0,0,0,0,1,0,0,0,0,0,67.5,135,14.8,0.45237
"328","perenjori","PHT1","PHT1ED",2,"PHT1ED.2","E","D","T",0,10,0,0,0,0,0,0,0,0,0,4,0,0,0,0,0,0,0,0,0,0,0,0,0,0,0,0,0,0,3,0,0,0,0,0,0,0,0,0,0,0,0,0,0,0,0,0,0,0,0,0,0,0,0,0,0,0,0,0,0,18,36,14.8,0.45237
"329","perenjori","PHT1","PHT1ED",3,"PHT1ED.3","E","D","H",0,1,0,0,0,0,0,0,0,0,0,1,0,0,0,0,0,0,0,0,0,0,0,0,0,0,0,0,2,0,6,0,0,0,0,0,0,0,0,0,0,0,0,0,0,0,0,0,0,0,0,0,0,0,0,0,0,0,0,0,0,3,34,14.8,0.45237
"330","perenjori","PHT1","PHT1ED",4,"PHT1ED.4","E","D","H",0,1,0,0,0,0,0,0,0,0,0,3,0,0,0,0,0,0,0,0,0,0,0,0,0,0,0,0,0,0,10,0,0,0,0,0,0,0,0,0,0,0,0,0,0,0,0,0,0,0,0,0,0,0,0,3,0,0,0,0,0,3,NA,14.8,0.45237
"331","perenjori","PHT1","PHT1MD",1,"PHT1MD.1","M","D","T",0,0,0,0,0,0,0,0,0,0,0,0,0,0,0,0,0,0,0,0,0,0,0,0,0,0,0,0,0,0,0,0,0,0,0,0,0,0,0,0,0,0,0,0,0,0,0,0,21,0,0,0,0,0,0,0,0,0,0,0,0,31.5,63,14.8,0.46447
"332","perenjori","PHT1","PHT1MD",2,"PHT1MD.2","M","D","H",0,0,0,0,0,0,0,0,0,0,0,0,0,0,0,0,0,0,0,0,0,1,0,0,0,0,0,0,0,0,0,0,0,0,0,0,0,0,0,0,0,0,0,0,0,0,0,0,0,0,0,0,0,0,0,0,0,0,0,0,0,2,NA,14.8,0.46447
"333","perenjori","PHT1","PHT1MD",3,"PHT1MD.3","M","D","H",0,0,0,0,0,0,0,0,0,0,0,0,0,0,0,0,0,0,0,0,0,4,0,0,0,0,0,0,0,0,0,0,0,0,0,0,0,0,0,0,0,0,0,0,0,0,0,0,0,0,0,0,0,0,0,0,0,0,0,0,0,10,147,14.8,0.46447
"334","perenjori","PHT1","PHT1MD",4,"PHT1MD.4","M","D","T",0,0,0,0,0,0,0,0,0,0,0,0,0,0,0,0,0,0,0,0,0,0,0,0,0,0,0,0,0,0,0,0,0,0,0,0,0,0,0,0,0,0,0,0,0,0,0,0,18,0,0,0,0,0,0,0,0,0,0,0,0,94.5,189,14.8,0.46447
"335","perenjori","PHT1","PHT1ND",1,"PHT1ND.1","N","D","H",0,0,0,0,0,0,0,0,0,0,0,0,0,0,10,0,0,0,0,0,0,0,0,0,0,0,0,0,0,0,0,0,0,0,0,1,0,0,0,0,0,0,0,0,0,0,0,0,4,0,0,0,0,0,0,0,0,0,4,0,0,2,NA,14.8,0.46702
"336","perenjori","PHT1","PHT1ND",2,"PHT1ND.2","N","D","T",0,0,0,0,0,0,0,0,0,0,0,0,0,0,0,0,0,0,0,0,0,0,9,0,0,0,0,0,0,0,0,0,0,0,0,0,0,0,0,0,0,0,0,0,0,0,0,0,0,0,0,0,0,0,7,0,0,0,6,0,0,18,36,14.8,0.46702
"337","perenjori","PHT1","PHT1ND",3,"PHT1ND.3","N","D","T",0,0,0,0,0,0,0,0,0,0,0,0,0,0,8,0,0,0,0,0,0,0,1,0,0,0,0,0,0,0,0,0,0,0,0,0,0,0,0,0,0,0,0,0,0,0,0,0,0,0,0,0,0,0,6,0,0,0,7,0,0,45,90,14.8,0.46702
"338","perenjori","PHT1","PHT1ND",4,"PHT1ND.4","N","D","H",0,0,0,0,0,0,0,0,0,0,0,0,0,0,6,1,0,0,0,0,0,0,3,0,0,0,0,0,0,0,0,0,0,0,0,3,0,0,0,0,0,0,0,0,0,0,0,0,7,0,0,0,0,0,4,0,0,0,6,0,0,2,NA,14.8,0.46702
"339","perenjori","PHT1","PHT1SD",1,"PHT1SD.1","S","D","T",0,0,0,0,0,0,0,0,0,0,0,0,0,0,0,0,0,0,0,0,0,0,0,0,0,0,0,0,0,0,0,0,0,0,0,0,0,0,0,0,0,0,0,0,0,0,0,0,0,0,0,0,0,0,0,0,0,0,0,0,0,18,36,14.8,0.4767
"340","perenjori","PHT1","PHT1SD",2,"PHT1SD.2","S","D","T",0,0,0,0,0,0,0,0,0,0,0,0,0,0,0,0,0,0,0,0,0,0,0,0,0,0,0,0,0,0,0,0,0,0,0,0,0,0,0,0,0,0,0,0,0,0,0,0,0,0,0,0,0,0,0,0,0,0,0,0,0,4.5,9,14.8,0.4767
"341","perenjori","PHT1","PHT1SD",4,"PHT1SD.4","S","D","H",0,0,0,0,0,0,0,0,0,0,0,0,0,0,0,0,0,0,0,0,0,0,0,0,0,0,0,0,0,0,0,0,0,0,0,0,0,0,0,0,0,0,0,0,0,0,0,0,0,0,0,0,0,0,0,0,0,0,0,0,0,2,41,14.8,0.4767
"342","perenjori","PHT2","PHT2CD",1,"PHT2CD.1","C","D","H",0,8,0,0,0,0,0,0,0,0,0,0,0,0,0,10,0,0,0,0,0,2,0,0,0,0,0,0,0,0,7,0,0,0,0,3,0,0,0,0,0,0,1,0,0,0,0,0,0,0,0,0,0,0,0,0,0,0,4,0,0,NA,NA,13.4,0.70039
"343","perenjori","PHT2","PHT2CD",2,"PHT2CD.2","C","D","T",0,4,0,0,0,0,0,0,0,0,0,0,0,0,0,0,0,0,0,1,0,12,1,0,0,0,1,0,0,0,0,0,0,0,0,6,0,0,0,0,0,0,2,2,0,0,0,0,2,0,0,0,0,0,0,0,0,0,1,0,0,9,18,13.4,0.70039
"344","perenjori","PHT2","PHT2CD",3,"PHT2CD.3","C","D","T",0,9,0,0,0,0,0,0,0,0,0,0,0,0,0,2,0,0,0,0,0,7,0,0,0,0,0,0,0,0,0,0,0,0,0,2,0,0,0,0,0,0,4,0,0,0,0,0,1,0,0,0,0,0,0,0,0,0,2,0,0,NA,NA,13.4,0.70039
"345","perenjori","PHT2","PHT2CD",4,"PHT2CD.4","C","D","H",0,5,0,0,0,0,0,0,0,0,0,0,0,0,0,20,0,0,0,0,0,3,0,0,0,0,0,4,0,0,0,0,0,0,0,1,0,0,0,0,0,0,13,0,0,0,0,0,0,0,0,0,0,0,0,0,0,0,1,0,0,9,186,13.4,0.70039
"346","perenjori","PHT2","PHT2ED",1,"PHT2ED.1","E","D","T",0,0,0,0,0,0,0,0,0,0,0,0,0,0,0,0,0,0,0,0,0,0,0,0,0,0,0,0,0,0,10,0,0,0,0,0,0,0,0,0,0,0,0,0,0,0,0,0,0,0,0,0,0,0,0,0,0,0,0,0,0,40.5,81,13.4,0.66125
"347","perenjori","PHT2","PHT2ED",2,"PHT2ED.2","E","D","T",0,2,0,0,0,0,0,0,0,0,0,0,0,0,0,0,0,0,0,0,0,0,0,0,0,0,0,0,0,0,10,0,0,0,0,0,0,0,0,0,0,0,0,0,0,0,0,0,0,0,0,0,0,0,0,0,0,0,0,0,0,40.5,81,13.4,0.66125
"348","perenjori","PHT2","PHT2ED",3,"PHT2ED.3","E","D","H",0,3,0,0,0,0,0,0,0,0,0,0,0,0,0,0,0,0,0,0,0,0,0,0,0,0,0,0,0,0,7,0,0,0,0,0,0,0,0,0,0,0,0,0,0,0,0,0,0,0,0,0,0,0,0,0,0,0,0,0,0,3,71,13.4,0.66125
"349","perenjori","PHT2","PHT2ED",4,"PHT2ED.4","E","D","H",0,1,0,0,0,0,0,0,0,0,0,0,0,2,0,0,0,0,0,0,0,0,0,0,0,0,0,0,0,0,10,0,0,0,0,0,0,0,0,0,0,0,0,0,0,0,0,0,0,0,0,0,0,0,0,0,0,0,0,0,0,3,48,13.4,0.66125
"350","perenjori","PHT2","PHT2MD",1,"PHT2MD.1","M","D","H",0,0,0,0,0,0,0,0,0,0,0,0,0,0,0,0,0,0,0,0,0,1,0,0,0,0,0,0,0,0,0,0,0,0,0,0,0,0,0,0,0,0,0,0,0,0,0,0,0,0,0,0,0,0,0,0,0,0,0,0,0,2,16,13.4,0.69877
"351","perenjori","PHT2","PHT2MD",2,"PHT2MD.2","M","D","T",0,0,0,0,0,0,0,0,0,0,0,0,0,0,0,0,0,0,0,0,0,0,0,0,0,0,0,0,0,0,0,0,0,0,0,0,0,0,0,0,0,0,0,0,0,0,0,0,5,0,0,0,0,0,0,0,0,0,0,0,0,40.5,81,13.4,0.69877
"352","perenjori","PHT2","PHT2MD",3,"PHT2MD.3","M","D","H",0,0,0,0,0,0,0,0,0,0,0,0,0,0,0,0,0,0,0,0,0,2,0,0,0,0,0,0,0,0,0,0,0,0,0,0,0,0,0,0,0,0,0,0,0,0,0,0,0,0,0,0,0,0,0,0,0,0,0,0,0,2,NA,13.4,0.69877
"353","perenjori","PHT2","PHT2MD",4,"PHT2MD.4","M","D","T",0,0,0,0,0,0,0,0,0,0,0,0,0,0,0,0,0,0,0,0,0,0,0,0,0,0,0,0,0,0,0,0,0,0,0,0,0,0,0,0,0,0,0,0,0,0,0,0,8,0,0,0,0,0,0,0,0,0,0,0,0,36,72,13.4,0.69877
"354","perenjori","PHT2","PHT2ND",1,"PHT2ND.1","N","D","H",0,0,0,0,0,0,0,0,0,0,0,0,0,0,0,0,0,0,0,4,0,0,0,0,0,0,0,0,0,0,0,0,0,0,0,2,0,0,0,0,0,0,2,0,0,0,0,0,2,0,0,0,0,0,3,0,0,0,2,0,0,4,NA,13.4,0.1505
"355","perenjori","PHT2","PHT2ND",2,"PHT2ND.2","N","D","T",0,0,0,0,0,0,0,0,0,0,0,0,0,0,0,2,0,0,0,0,0,0,0,0,0,0,0,0,0,0,0,0,0,0,0,2,0,0,0,0,0,0,1,0,0,0,0,0,0,0,0,0,0,0,4,0,0,0,1,0,0,18,36,13.4,0.1505
"356","perenjori","PHT2","PHT2ND",3,"PHT2ND.3","N","D","H",0,0,0,0,0,0,0,0,0,0,0,0,0,0,0,1,0,0,0,0,0,0,0,0,0,0,0,0,0,0,0,0,0,0,0,2,0,0,0,0,0,0,0,0,0,0,0,0,6,0,0,0,0,0,6,0,0,0,0,0,0,3,NA,13.4,0.1505
"357","perenjori","PHT2","PHT2ND",4,"PHT2ND.4","N","D","T",0,0,0,0,0,0,2,0,0,0,0,0,0,0,0,10,0,0,0,0,0,0,0,0,0,0,0,2,0,0,0,0,0,0,0,3,0,0,0,0,0,0,2,0,0,0,0,0,0,0,0,0,0,0,0,0,0,0,1,0,0,22.5,45,13.4,0.1505
"358","perenjori","PHT2","PHT2SD",1,"PHT2SD.1","S","D","H",0,0,0,0,0,0,0,0,0,0,0,0,0,0,0,0,0,0,0,0,0,0,0,0,0,0,0,0,0,0,0,0,0,0,0,0,0,0,0,0,0,0,0,0,0,0,0,0,0,0,0,0,0,0,0,0,0,0,0,0,0,3,NA,13.4,0.69165
"359","perenjori","PHT2","PHT2SD",4,"PHT2SD.4","S","D","H",0,0,0,0,0,0,0,0,0,0,0,0,0,0,0,0,0,0,0,0,0,0,0,0,0,0,0,0,0,0,0,0,0,0,0,0,0,0,0,0,0,0,0,0,0,0,0,0,0,0,0,0,0,0,0,0,0,0,0,0,0,2,NA,13.4,0.69165
"360","perenjori","PHT3","PHT3CD",1,"PHT3CD.1","C","D","H",0,0,0,0,0,0,0,0,0,0,0,0,0,0,0,5,0,0,0,0,0,0,0,0,0,0,0,0,0,0,0,0,0,0,0,0,0,0,0,0,0,0,0,0,4,0,0,0,24,0,0,0,0,2,0,5,0,0,8,0,0,5,NA,13.8,0.33055
"361","perenjori","PHT3","PHT3CD",4,"PHT3CD.4","C","D","H",0,0,0,0,0,0,0,0,0,0,0,0,0,0,0,7,0,0,0,0,0,0,0,0,0,0,0,1,0,0,0,0,0,0,0,0,0,0,0,0,0,0,0,0,0,0,0,0,4,0,0,0,0,0,0,0,0,0,7,0,0,2,NA,13.8,0.33055
"362","perenjori","PHT3","PHT3ED",1,"PHT3ED.1","E","D","H",0,0,0,0,0,0,0,0,0,0,0,0,0,0,0,0,0,0,0,0,0,0,0,0,0,0,4,0,0,0,0,0,0,0,0,0,0,0,0,0,0,0,0,0,0,0,0,0,0,0,0,0,0,0,0,10,0,0,0,0,0,5,NA,13.8,0.12647
"363","perenjori","PHT3","PHT3ED",2,"PHT3ED.2","E","D","T",0,0,0,0,0,0,0,0,0,0,0,0,0,0,0,0,0,0,0,0,0,0,0,0,0,0,3,0,0,0,0,0,0,0,0,0,0,0,0,0,0,0,0,0,0,0,0,0,0,0,0,0,0,0,0,4,0,0,0,0,0,36,72,13.8,0.12647
"364","perenjori","PHT3","PHT3ED",3,"PHT3ED.3","E","D","H",0,0,0,0,0,0,0,0,0,0,0,0,0,0,0,0,0,0,0,0,0,0,0,0,0,0,2,0,0,0,0,0,0,0,0,0,0,0,0,0,0,0,0,0,0,0,0,0,0,0,0,0,0,0,0,4,0,0,0,0,0,3,54,13.8,0.12647
"365","perenjori","PHT3","PHT3ED",4,"PHT3ED.4","E","D","T",0,0,0,0,0,0,0,0,0,0,0,0,0,0,0,0,0,0,0,0,0,0,0,0,0,0,1,0,0,0,0,0,0,0,0,0,0,0,0,0,0,0,0,0,0,0,0,0,0,0,0,0,0,0,0,9,0,0,0,0,0,36,72,13.8,0.12647
"366","perenjori","PHT3","PHT3MD",1,"PHT3MD.1","M","D","T",0,0,0,0,0,0,0,0,0,0,0,0,0,0,0,0,0,0,0,0,0,0,0,0,0,0,0,0,0,0,0,0,0,0,0,0,0,0,0,0,0,0,0,0,0,0,0,0,0,0,0,0,0,0,0,0,0,0,0,0,0,22.5,45,13.8,0.24331
"367","perenjori","PHT3","PHT3MD",2,"PHT3MD.2","M","D","T",0,0,0,0,0,0,0,0,0,0,0,0,0,0,0,0,0,0,0,0,0,0,0,0,0,0,0,0,0,0,0,0,0,0,0,0,0,0,0,0,0,0,0,0,0,0,0,0,0,0,0,0,0,0,0,0,0,0,0,0,0,54,108,13.8,0.24331
"368","perenjori","PHT3","PHT3MD",3,"PHT3MD.3","M","D","H",0,0,0,0,0,0,0,0,0,0,0,0,0,0,0,0,0,0,0,0,0,0,0,0,0,0,0,0,0,0,0,0,0,0,0,0,0,0,0,0,0,0,0,0,0,0,0,0,0,0,0,0,0,0,0,0,0,0,0,0,0,3,69,13.8,0.24331
"369","perenjori","PHT3","PHT3MD",4,"PHT3MD.4","M","D","H",0,0,0,0,0,0,0,0,0,0,0,0,0,0,0,0,0,0,0,0,0,0,0,0,0,0,0,0,0,0,0,0,0,0,0,0,0,0,0,0,0,0,0,0,0,0,0,0,0,0,0,0,0,0,0,0,0,0,0,0,0,4,NA,13.8,0.24331
"370","perenjori","PHT3","PHT3ND",1,"PHT3ND.1","N","D","H",0,0,0,0,0,9,0,0,0,0,0,0,0,0,0,0,0,0,0,0,0,0,0,0,0,0,0,1,0,0,0,0,0,0,0,0,0,0,0,0,1,0,0,0,0,0,0,0,3,0,0,0,0,0,0,0,0,0,4,0,0,3,NA,13.8,0.18212
"371","perenjori","PHT3","PHT3ND",2,"PHT3ND.2","N","D","T",0,0,0,0,0,4,1,0,0,0,0,0,0,0,0,3,0,0,0,0,0,0,0,0,0,0,0,1,0,0,0,0,0,0,0,0,0,0,0,0,0,0,0,0,0,0,0,0,0,0,0,0,0,0,0,0,0,0,3,0,0,27,54,13.8,0.18212
"372","perenjori","PHT3","PHT3ND",3,"PHT3ND.3","N","D","H",0,0,0,0,0,0,0,0,0,0,0,0,0,0,1,6,0,0,0,0,1,0,0,0,0,0,0,3,0,0,0,0,0,0,0,0,0,0,0,0,0,0,0,0,0,0,0,0,6,0,0,0,0,0,0,0,0,0,9,0,0,3,NA,13.8,0.18212
"373","perenjori","PHT3","PHT3ND",4,"PHT3ND.4","N","D","T",0,0,0,0,0,0,0,0,0,0,0,0,0,0,0,0,0,0,0,0,0,0,2,0,0,0,0,0,0,0,0,0,0,0,0,0,0,0,0,0,1,0,0,0,0,0,0,0,0,0,0,0,0,0,0,0,0,0,5,0,0,9,18,13.8,0.18212
"374","perenjori","PHT3","PHT3SD",1,"PHT3SD.1","S","D","T",0,0,0,0,0,0,0,0,0,0,0,0,0,0,0,0,0,0,0,0,0,0,0,0,0,0,0,0,0,0,0,0,0,0,0,0,0,0,0,0,0,0,0,0,0,0,0,0,0,0,0,0,0,0,0,0,0,0,0,0,0,31.5,63,13.8,0.17013
"375","perenjori","PHT3","PHT3SD",2,"PHT3SD.2","S","D","H",0,0,0,0,0,0,0,0,0,0,0,0,0,0,0,0,0,0,0,0,0,0,0,0,0,0,0,0,0,0,0,0,0,0,0,0,0,0,0,0,0,0,0,0,0,0,0,0,0,0,0,0,0,0,0,0,0,0,0,0,0,8,136,13.8,0.17013
"376","perenjori","PHT4","PHT4CD",1,"PHT4CD.1","C","D","H",0,0,0,0,0,4,0,0,0,0,0,0,0,0,0,0,0,0,0,0,0,4,0,0,0,0,0,0,0,0,0,0,0,0,0,2,0,0,0,0,1,0,0,0,0,0,1,0,7,0,0,0,0,0,0,0,0,0,11,0,0,5,NA,NA,0.20826
"377","perenjori","PHT4","PHT4CD",3,"PHT4CD.3","C","D","H",0,0,0,0,0,0,0,0,0,0,5,0,0,0,0,0,0,0,0,0,0,3,0,0,0,0,0,0,0,0,0,0,0,0,0,0,0,0,0,0,4,0,0,4,0,0,0,0,1,0,0,0,0,0,0,0,0,0,7,0,0,4,79,NA,0.20826
"378","perenjori","PHT4","PHT4ED",1,"PHT4ED.1","E","D","H",0,0,0,0,0,0,0,0,0,0,0,0,0,0,0,0,0,0,0,0,0,0,0,0,0,0,1,0,0,0,0,0,0,0,0,0,0,0,0,0,0,0,0,0,0,0,0,0,0,0,0,0,0,0,0,1,0,0,0,0,0,2,NA,NA,0.1406
"379","perenjori","PHT4","PHT4ED",4,"PHT4ED.4","E","D","H",0,0,0,0,0,0,0,0,0,0,0,0,0,0,0,0,0,0,0,0,0,0,0,0,0,0,2,0,0,0,0,0,0,0,0,0,0,0,0,0,0,0,0,0,0,0,0,0,0,0,0,0,0,0,0,0,0,0,0,0,0,4,0,NA,0.1406
"380","perenjori","PHT4","PHT4MD",1,"PHT4MD.1","M","D","T",0,0,0,0,0,0,0,0,0,0,0,0,0,0,0,0,0,0,0,0,0,0,0,0,0,0,0,0,0,0,0,0,0,0,0,0,0,0,0,0,0,0,0,0,0,0,0,0,7,0,0,0,0,0,0,0,0,0,0,0,0,22.5,45,NA,0.32086
"381","perenjori","PHT4","PHT4MD",2,"PHT4MD.2","M","D","H",0,0,0,0,0,0,0,0,0,0,0,0,0,0,0,0,0,0,0,0,0,4,0,0,0,0,0,0,0,0,0,0,0,0,0,0,0,0,0,0,0,0,0,0,0,0,0,0,0,0,0,0,0,0,0,0,0,0,0,0,0,2,0,NA,0.32086
"382","perenjori","PHT4","PHT4MD",3,"PHT4MD.3","M","D","H",0,0,0,0,0,0,0,0,0,0,0,0,0,0,0,0,0,0,0,0,0,2,0,0,0,0,0,0,0,0,0,0,0,0,0,0,0,0,0,0,0,0,0,0,0,0,0,0,0,0,0,0,0,0,0,0,0,0,0,0,0,4,0,NA,0.32086
"383","perenjori","PHT4","PHT4MD",4,"PHT4MD.4","M","D","T",0,0,0,0,0,0,0,0,0,0,0,0,0,0,0,0,0,0,0,0,0,0,0,0,0,0,0,0,0,0,0,0,0,0,0,0,0,0,0,0,0,0,0,0,0,0,0,0,11,0,0,0,0,0,0,0,0,0,0,0,0,4.5,9,NA,0.32086
"384","perenjori","PHT4","PHT4ND",1,"PHT4ND.1","N","D","H",0,0,0,0,0,30,0,0,0,0,0,0,0,0,0,0,0,0,0,0,0,0,0,0,0,0,0,0,0,0,0,0,0,0,0,0,0,0,0,0,1,0,0,0,0,0,0,0,2,0,0,0,0,0,0,0,0,0,9,0,0,1,8,NA,0.20915
"385","perenjori","PHT4","PHT4ND",3,"PHT4ND.3","N","D","H",0,0,0,0,0,15,0,0,0,0,0,0,0,0,0,0,0,0,1,0,0,0,0,0,0,0,0,0,0,0,0,0,0,0,0,0,0,0,0,0,1,0,0,1,0,0,0,0,4,0,0,0,0,0,0,0,0,0,7,0,0,3,0,NA,0.20915
"386","perenjori","PHT4","PHT4SD",1,"PHT4SD.1","S","D","H",0,0,0,0,0,0,0,0,0,0,0,0,0,0,0,0,0,0,0,0,0,0,0,0,0,0,0,0,0,0,0,0,0,0,0,0,0,0,0,0,0,0,0,0,0,0,0,0,0,0,0,0,0,0,0,0,0,0,0,0,0,6,NA,NA,0.35889
"387","perenjori","PHT4","PHT4SD",2,"PHT4SD.2","S","D","H",0,0,0,0,0,0,0,0,0,0,0,0,0,0,0,0,0,0,0,0,0,0,0,0,0,0,0,0,0,0,0,0,0,0,0,0,0,0,0,0,0,0,0,0,0,0,0,0,0,0,0,0,0,0,0,0,0,0,0,0,0,4,86,NA,0.35889
"388","perenjori","PHT4","PHT4SD",3,"PHT4SD.3","S","D","T",0,0,0,0,0,0,0,0,0,0,0,0,0,0,0,0,0,0,0,0,0,0,0,0,0,0,0,0,0,0,0,0,0,0,0,0,0,0,0,0,0,0,0,0,0,0,0,0,0,0,0,0,0,0,0,0,0,0,0,0,0,22.5,45,NA,0.35889
"389","perenjori","PHW1","PHW1CD",1,"PHW1CD.1","C","D","H",0,0,0,0,0,7,0,0,0,0,0,0,0,0,5,1,0,0,0,0,2,0,2,0,0,0,0,0,0,0,0,0,0,0,0,0,0,0,0,0,1,0,0,0,0,0,1,0,3,0,0,0,0,0,0,1,0,0,5,0,0,4,NA,11.6,0.43759
"390","perenjori","PHW1","PHW1CD",2,"PHW1CD.2","C","D","W",0,0,0,0,0,0,0,0,0,0,0,0,0,0,8,3,0,0,0,0,0,0,1,0,0,0,0,0,0,0,0,0,0,0,0,0,0,0,0,0,0,0,0,0,0,0,0,0,1,0,0,0,0,1,0,0,0,0,0,0,0,6,120,11.6,0.43759
"391","perenjori","PHW1","PHW1CD",3,"PHW1CD.3","C","D","H",0,0,0,0,0,0,0,0,0,0,0,0,0,0,20,10,0,0,0,0,0,0,2,0,0,0,0,0,0,0,0,0,0,0,0,0,0,0,0,0,6,0,0,0,0,0,0,0,1,0,0,0,0,1,0,0,0,0,4,0,0,4,NA,11.6,0.43759
"392","perenjori","PHW1","PHW1CD",4,"PHW1CD.4","C","D","W",0,0,0,0,0,0,0,0,0,0,0,0,0,0,10,7,0,0,0,0,0,0,2,0,0,0,0,0,0,0,0,0,0,0,0,0,0,0,0,0,0,0,0,0,0,0,0,0,1,0,0,0,0,0,0,0,0,0,0,0,0,11,110,11.6,0.43759
"393","perenjori","PHW1","PHW1ED",1,"PHW1ED.1","E","D","W",0,4,0,0,0,0,0,0,0,0,0,0,0,0,0,0,0,0,0,0,0,0,0,0,0,0,0,0,0,0,0,0,0,0,0,0,0,0,0,0,0,0,0,0,0,0,1,0,0,0,0,0,0,0,0,0,0,0,0,0,0,10,144,11.6,0.56078
"394","perenjori","PHW1","PHW1ED",2,"PHW1ED.2","E","D","W",0,0,0,0,0,0,0,0,0,0,0,0,0,0,0,0,0,0,0,0,0,0,0,0,0,0,0,0,0,0,0,0,0,0,0,0,0,0,0,0,0,0,0,0,0,0,1,0,0,0,0,0,0,0,0,0,0,0,0,0,0,6,327,11.6,0.56078
"395","perenjori","PHW1","PHW1ED",3,"PHW1ED.3","E","D","H",0,0,0,0,0,0,0,0,0,0,0,0,0,0,0,0,0,0,0,0,0,0,0,0,0,0,0,0,0,0,0,0,0,0,0,0,0,0,0,0,0,0,0,0,0,0,1,0,0,0,0,0,0,0,0,0,0,0,0,0,0,6,78,11.6,0.56078
"396","perenjori","PHW1","PHW1ED",4,"PHW1ED.4","E","D","H",0,0,0,0,0,0,0,0,0,0,0,0,0,0,0,0,0,0,0,0,0,0,0,0,0,0,0,0,0,0,0,0,0,0,0,0,0,0,0,0,0,0,0,0,0,0,1,0,0,0,0,0,0,0,0,0,0,0,0,0,0,7,30,11.6,0.56078
"397","perenjori","PHW1","PHW1MD",1,"PHW1MD.1","M","D","W",0,0,0,0,0,0,0,0,0,0,0,0,0,0,0,0,0,0,0,0,0,0,0,0,0,0,0,0,0,0,0,0,0,0,0,0,0,0,0,0,0,0,0,0,0,0,0,0,0,0,0,0,0,0,0,0,0,0,5,0,0,6,160,11.6,0.40342
"398","perenjori","PHW1","PHW1MD",2,"PHW1MD.2","M","D","H",0,0,0,0,0,0,0,0,0,0,0,0,0,0,0,0,0,0,0,0,0,4,0,0,0,0,0,0,0,0,0,0,0,0,0,0,0,0,0,0,0,0,0,0,0,0,0,0,0,0,0,0,0,0,0,0,0,0,0,0,0,1,NA,11.6,0.40342
"399","perenjori","PHW1","PHW1MD",3,"PHW1MD.3","M","D","W",0,0,0,0,0,0,0,0,0,0,0,0,0,0,0,0,0,0,0,0,0,0,0,0,0,0,0,0,0,0,0,0,0,0,0,0,0,0,0,0,0,0,0,0,0,0,0,0,0,0,0,0,0,0,0,0,0,0,1,0,0,3,24,11.6,0.40342
"400","perenjori","PHW1","PHW1MD",4,"PHW1MD.4","M","D","H",0,0,0,0,0,0,0,0,0,0,0,0,0,0,0,0,0,0,0,0,0,1,0,0,0,0,0,0,0,0,0,0,0,0,0,0,0,0,0,0,0,0,0,0,0,0,0,0,0,0,0,0,0,0,0,0,0,0,0,0,0,2,36,11.6,0.40342
"401","perenjori","PHW1","PHW1ND",1,"PHW1ND.1","N","D","H",0,0,0,0,0,8,0,0,0,0,0,0,0,0,0,0,0,0,0,0,0,0,0,0,0,0,0,0,0,0,0,0,0,0,0,0,0,0,0,0,0,0,0,0,0,0,0,0,5,0,0,0,0,3,0,0,0,0,2,0,0,3,0,11.6,0.46355
"402","perenjori","PHW1","PHW1ND",2,"PHW1ND.2","N","D","W",0,0,0,0,0,21,1,0,0,0,0,0,0,0,0,0,0,0,0,0,0,0,0,0,0,0,0,0,0,0,0,0,0,0,0,0,0,0,0,0,0,0,0,0,0,0,0,0,0,0,0,0,0,3,0,0,0,0,0,0,0,4,108,11.6,0.46355
"403","perenjori","PHW1","PHW1ND",3,"PHW1ND.3","N","D","W",0,0,1,0,0,5,3,0,0,0,0,0,0,0,2,0,0,0,0,0,0,0,0,0,0,0,0,1,0,0,0,0,0,0,0,0,0,0,0,0,1,0,0,0,0,0,0,0,1,0,0,0,0,3,0,0,0,0,0,0,0,15,194,11.6,0.46355
"404","perenjori","PHW1","PHW1ND",4,"PHW1ND.4","N","D","H",0,0,0,0,0,3,0,0,0,0,0,0,0,0,2,0,0,0,0,1,0,0,0,0,0,0,0,0,0,0,0,0,0,0,0,0,0,0,0,0,1,0,0,0,0,0,0,0,8,0,0,0,0,4,0,0,0,0,4,1,0,1,0,11.6,0.46355
"405","perenjori","PHW1","PHW1SD",1,"PHW1SD.1","S","D","W",0,0,0,0,0,0,0,0,0,0,0,0,0,0,0,0,0,0,0,0,0,0,0,0,0,0,0,0,0,0,0,0,0,0,0,0,0,0,0,0,0,0,0,0,0,0,0,0,0,0,0,0,0,0,0,0,0,0,0,0,0,7,NA,11.6,0.44508
"406","perenjori","PHW1","PHW1SD",2,"PHW1SD.2","S","D","W",0,0,0,0,0,0,0,0,0,0,0,0,0,0,0,0,0,0,0,0,0,0,0,0,0,0,0,0,0,0,0,0,0,0,0,0,0,0,0,0,0,0,0,0,0,0,0,0,0,0,0,0,0,0,0,0,0,0,0,0,0,5,107,11.6,0.44508
"407","perenjori","PHW1","PHW1SD",3,"PHW1SD.3","S","D","H",0,0,0,0,0,0,0,0,0,0,0,0,0,0,0,0,0,0,0,0,0,0,0,0,0,0,0,0,0,0,0,0,0,0,0,0,0,0,0,0,0,0,0,0,0,0,0,0,0,0,0,0,0,0,0,0,0,0,0,0,0,4,NA,11.6,0.44508
"408","perenjori","PHW1","PHW1SD",4,"PHW1SD.4","S","D","H",0,0,0,0,0,0,0,0,0,0,0,0,0,0,0,0,0,0,0,0,0,0,0,0,0,0,0,0,0,0,0,0,0,0,0,0,0,0,0,0,0,0,0,0,0,0,0,0,0,0,0,0,0,0,0,0,0,0,0,0,0,1,NA,11.6,0.44508
"409","perenjori","PHW2","PHW2CD",2,"PHW2CD.2","C","D","H",0,1,0,0,0,0,0,0,0,0,0,0,0,0,0,1,0,0,0,3,0,0,0,0,0,0,0,0,0,0,40,0,0,0,4,4,0,0,0,0,0,0,0,0,0,0,0,0,0,0,0,0,0,0,0,0,0,0,6,0,0,2,0,13.4,0.61479
"410","perenjori","PHW2","PHW2CD",3,"PHW2CD.3","C","D","W",0,1,0,0,0,0,0,0,0,0,0,0,0,0,0,0,0,0,0,8,0,0,0,0,0,0,0,0,0,0,30,0,0,0,0,10,0,0,0,0,1,0,0,0,0,0,0,0,0,0,0,0,0,0,0,0,0,0,4,0,0,4,NA,13.4,0.61479
"411","perenjori","PHW2","PHW2CD",4,"PHW2CD.4","C","D","W",0,0,0,0,0,0,0,0,0,0,0,0,0,0,0,0,0,0,0,15,0,0,0,0,0,0,0,1,0,0,9,0,0,0,1,6,0,0,0,0,0,0,0,0,0,0,0,0,0,0,0,0,0,0,0,0,0,0,5,0,0,2,0,13.4,0.61479
"412","perenjori","PHW2","PHW2ED",1,"PHW2ED.1","E","D","W",0,2,0,0,0,0,0,0,0,0,0,0,0,0,0,0,0,0,0,0,0,0,0,0,0,0,0,0,0,0,30,0,0,0,0,0,0,0,0,0,0,0,0,0,0,0,0,0,0,0,0,0,0,0,0,0,0,0,0,0,0,2,NA,13.4,0.49868
"413","perenjori","PHW2","PHW2ED",2,"PHW2ED.2","E","D","H",0,2,0,0,0,0,0,0,0,0,0,0,0,0,0,0,0,0,0,0,0,0,0,0,0,0,0,0,0,0,30,0,0,0,0,0,0,0,0,0,0,0,0,0,0,0,1,0,0,0,0,0,0,0,0,0,0,0,0,0,0,2,NA,13.4,0.49868
"414","perenjori","PHW2","PHW2ED",3,"PHW2ED.3","E","D","H",0,0,0,0,0,0,0,0,0,0,0,0,0,0,0,0,0,0,0,0,0,0,0,0,0,0,0,0,0,0,20,0,0,0,0,0,0,0,0,0,0,0,0,0,0,0,0,0,0,0,0,0,0,0,0,0,0,0,0,0,0,1,NA,13.4,0.49868
"415","perenjori","PHW2","PHW2ED",4,"PHW2ED.4","E","D","W",0,1,0,0,0,0,0,0,0,0,0,0,0,0,0,0,0,0,0,0,0,0,0,0,0,0,0,0,0,0,15,0,0,0,0,0,0,0,0,0,0,0,0,0,0,0,0,0,0,0,0,0,0,0,0,0,0,0,0,0,0,1,NA,13.4,0.49868
"416","perenjori","PHW2","PHW2MD",1,"PHW2MD.1","M","D","H",0,0,0,0,0,0,0,0,0,0,0,0,0,0,0,0,0,0,0,0,0,2,0,0,0,0,0,0,0,0,0,0,0,0,0,0,0,0,0,0,0,0,0,0,0,0,0,0,0,0,0,0,0,0,0,0,0,0,0,0,0,4,NA,13.4,0.53988
"417","perenjori","PHW2","PHW2MD",2,"PHW2MD.2","M","D","W",0,0,0,0,0,0,0,0,0,0,0,0,0,0,0,0,0,0,0,0,0,0,0,0,0,0,0,0,0,0,0,0,0,0,0,0,0,0,0,0,0,0,0,0,0,0,0,0,0,0,0,0,0,0,0,0,0,0,4,0,0,13,457,13.4,0.53988
"418","perenjori","PHW2","PHW2MD",3,"PHW2MD.3","M","D","H",0,0,0,0,0,0,0,0,0,0,0,0,0,0,0,0,0,0,0,0,0,3,0,0,0,0,0,0,0,0,0,0,0,0,0,0,0,0,0,0,0,0,0,0,0,0,0,0,0,0,0,0,0,0,0,0,0,0,0,0,0,5,135,13.4,0.53988
"419","perenjori","PHW2","PHW2MD",4,"PHW2MD.4","M","D","W",0,0,0,0,0,0,0,0,0,0,0,0,0,0,0,0,0,0,0,0,0,0,0,0,0,0,0,0,0,0,0,0,0,0,0,0,0,0,0,0,0,0,0,0,0,0,0,0,0,0,0,0,0,0,0,0,0,0,1,0,0,23,306,13.4,0.53988
"420","perenjori","PHW2","PHW2ND",1,"PHW2ND.1","N","D","H",0,0,0,0,0,0,0,0,0,0,0,0,0,0,0,30,0,0,0,4,0,0,0,0,0,0,0,0,0,0,0,0,0,0,0,0,0,0,0,0,0,0,0,0,0,0,0,0,2,0,0,0,0,0,0,0,0,0,16,0,0,3,NA,13.4,0.48514
"421","perenjori","PHW2","PHW2ND",3,"PHW2ND.3","N","D","W",0,0,0,0,0,0,0,0,0,0,0,0,0,0,1,25,0,0,0,0,0,0,1,0,0,0,0,0,0,0,0,0,0,0,0,0,0,0,0,0,7,0,0,0,0,0,0,0,4,0,0,0,0,0,0,0,0,0,0,0,0,7,191,13.4,0.48514
"422","perenjori","PHW3","PHW3CD",1,"PHW3CD.1","C","D","H",0,0,0,0,0,0,0,0,0,0,0,0,0,0,0,0,0,0,0,15,0,0,0,0,0,0,0,0,0,0,3,0,0,0,0,1,0,0,0,0,1,0,0,0,0,0,0,0,0,0,0,0,0,0,0,0,0,0,1,0,0,3,16,15.6,0.23346
"423","perenjori","PHW3","PHW3CD",2,"PHW3CD.2","C","D","H",0,0,0,0,0,0,0,0,0,0,0,0,0,0,0,10,0,0,0,10,0,0,0,0,0,0,0,0,0,0,3,0,0,0,0,6,0,0,0,0,4,0,0,0,0,0,0,0,1,0,0,0,0,0,0,1,0,0,0,0,0,3,0,15.6,0.23346
"424","perenjori","PHW3","PHW3CD",3,"PHW3CD.3","C","D","W",0,0,5,0,0,0,0,0,0,0,0,0,0,0,0,0,0,0,0,10,0,0,0,0,0,0,0,0,0,0,3,0,0,0,0,3,0,0,0,0,5,0,0,0,0,0,0,0,0,0,0,0,0,0,0,0,0,0,1,0,0,5,309,15.6,0.23346
"425","perenjori","PHW3","PHW3CD",4,"PHW3CD.4","C","D","W",0,0,0,0,0,0,0,0,0,0,0,0,0,0,0,0,0,0,0,10,0,0,0,0,0,0,0,0,0,0,10,0,0,0,0,0,0,0,0,0,1,0,0,0,0,0,0,0,0,0,0,0,0,0,0,3,0,0,0,0,0,2,20,15.6,0.23346
"426","perenjori","PHW3","PHW3MD",1,"PHW3MD.1","M","D","W",0,0,0,0,0,0,0,0,0,0,0,0,0,0,0,0,0,0,0,0,0,0,0,0,0,0,0,0,0,0,0,0,0,0,0,0,0,0,0,0,0,0,0,0,0,0,0,0,0,0,0,0,0,0,0,0,0,0,5,0,0,7,184,15.6,0.19794
"427","perenjori","PHW3","PHW3MD",2,"PHW3MD.2","M","D","H",0,0,0,0,0,0,0,0,0,0,0,0,0,0,0,0,0,0,0,0,0,4,0,0,0,0,0,0,0,0,0,0,0,0,0,0,0,0,0,0,0,0,0,0,0,0,0,0,0,0,0,0,0,0,0,0,0,0,0,0,0,2,NA,15.6,0.19794
"428","perenjori","PHW3","PHW3ND",1,"PHW3ND.1","N","D","H",0,0,5,1,0,0,0,0,0,0,0,0,0,0,0,0,0,0,0,10,0,0,0,0,0,0,0,0,0,0,0,0,0,0,0,0,0,0,0,0,3,0,0,0,0,0,0,0,4,0,0,0,0,0,4,0,0,0,13,0,0,2,NA,15.6,0.24306
"429","perenjori","PHW3","PHW3ND",2,"PHW3ND.2","N","D","W",0,0,14,2,0,0,0,0,0,0,0,0,0,0,0,0,0,0,0,6,0,0,0,0,0,0,0,0,0,0,0,0,0,0,0,9,0,0,0,0,7,0,0,0,0,0,0,0,0,0,0,0,0,0,1,0,0,0,0,0,0,3,194,15.6,0.24306
"430","perenjori","PHW3","PHW3ND",3,"PHW3ND.3","N","D","W",0,0,7,0,0,0,0,0,0,0,0,0,0,0,0,0,0,0,0,1,0,0,0,0,0,0,0,0,0,0,0,0,0,0,0,0,0,0,0,0,4,0,0,0,0,0,0,0,0,0,0,0,0,0,2,0,0,0,0,0,0,6,279,15.6,0.24306
"431","perenjori","PHW3","PHW3ND",4,"PHW3ND.4","N","D","H",0,0,1,0,0,0,3,0,0,0,0,0,0,0,0,0,0,0,0,3,0,0,0,0,0,0,0,0,0,0,0,0,0,0,0,0,0,0,0,0,2,0,0,0,0,0,0,0,2,0,0,0,0,0,1,0,0,0,10,0,0,1,NA,15.6,0.24306
"432","perenjori","PHW3","PHW3SD",1,"PHW3SD.1","S","D","W",0,0,0,0,0,0,0,0,0,0,0,0,0,0,0,0,0,0,0,0,0,0,0,0,0,0,0,0,0,0,0,0,0,0,0,0,0,0,0,0,0,0,0,0,0,0,0,0,0,0,0,0,0,0,0,0,0,0,0,0,0,2,22,15.6,0.16824
"433","perenjori","PHW3","PHW3SD",2,"PHW3SD.2","S","D","H",0,0,0,0,0,0,0,0,0,0,0,0,0,0,0,0,0,0,0,0,0,0,0,0,0,0,0,0,0,0,0,0,0,0,0,0,0,0,0,0,0,0,0,0,0,0,0,0,0,0,0,0,0,0,0,0,0,0,0,0,0,3,10,15.6,0.16824
"434","perenjori","PHW3","PHW3SD",3,"PHW3SD.3","S","D","H",0,0,0,0,0,0,0,0,0,0,0,0,0,0,0,0,0,0,0,0,0,0,0,0,0,0,0,0,0,0,0,0,0,0,0,0,0,0,0,0,0,0,0,0,0,0,0,0,0,0,0,0,0,0,0,0,0,0,0,0,0,5,0,15.6,0.16824
"435","perenjori","PHW3","PHW3SD",4,"PHW3SD.4","S","D","W",0,0,0,0,0,0,0,0,0,0,0,0,0,0,0,0,0,0,0,0,0,0,0,0,0,0,0,0,0,0,0,0,0,0,0,0,0,0,0,0,0,0,0,0,0,0,0,0,0,0,0,0,0,0,0,0,0,0,0,0,0,1,10,15.6,0.16824
"436","perenjori","PHW4","PHW4CD",1,"PHW4CD.1","C","D","H",0,0,0,0,0,5,0,0,0,3,2,0,0,0,0,10,0,0,2,11,0,0,0,0,0,0,0,0,0,0,0,0,0,0,0,3,0,0,0,0,9,0,0,0,0,0,0,0,2,0,0,0,0,0,3,0,0,0,1,0,0,3,NA,12.7,0.64676
"437","perenjori","PHW4","PHW4CD",2,"PHW4CD.2","C","D","W",0,1,0,0,0,2,1,0,0,0,0,0,0,0,0,0,1,0,4,0,0,0,0,0,0,0,0,0,0,0,10,0,0,0,0,21,0,0,0,0,0,0,0,0,0,0,0,0,17,0,0,0,0,0,5,0,0,0,0,0,0,8,NA,12.7,0.64676
"438","perenjori","PHW4","PHW4CD",3,"PHW4CD.3","C","D","W",0,0,0,0,0,0,0,0,0,0,0,0,0,0,0,10,4,0,7,3,0,0,0,3,0,0,0,0,0,0,10,0,0,0,0,3,0,0,0,0,8,0,0,0,0,0,0,0,17,0,0,0,0,0,2,0,0,0,0,0,0,6,112,12.7,0.64676
"439","perenjori","PHW4","PHW4CD",4,"PHW4CD.4","C","D","H",0,0,0,0,0,0,0,0,0,0,0,0,0,0,0,10,0,0,13,0,0,0,0,0,0,0,0,0,0,0,20,0,0,0,0,2,0,0,0,0,13,0,0,0,0,0,0,0,4,0,0,0,0,0,0,0,0,0,0,0,0,3,44,12.7,0.64676
"440","perenjori","PHW4","PHW4ED",1,"PHW4ED.1","E","D","H",0,3,0,0,0,0,0,0,0,0,0,3,0,0,0,0,0,0,0,0,0,0,0,0,0,0,2,0,1,0,0,0,0,0,0,0,0,0,0,0,0,0,0,0,0,2,0,0,0,0,0,0,0,0,0,9,0,0,0,0,0,3,72,12.7,0.59238
"441","perenjori","PHW4","PHW4ED",2,"PHW4ED.2","E","D","H",0,0,0,0,0,0,0,0,0,0,0,0,0,0,0,0,0,0,0,0,0,0,0,0,0,0,0,0,0,0,0,0,0,0,0,0,0,0,0,0,0,0,0,0,0,0,0,0,0,0,0,0,0,0,0,30,0,0,0,0,0,5,99,12.7,0.59238
"442","perenjori","PHW4","PHW4ED",3,"PHW4ED.3","E","D","W",0,0,0,0,0,0,0,0,0,0,0,0,0,0,0,0,0,0,0,0,0,0,0,0,0,0,0,0,0,0,5,0,0,0,0,0,0,0,0,0,0,0,0,0,0,0,0,0,0,0,0,0,0,0,0,20,0,0,0,0,0,16,717,12.7,0.59238
"443","perenjori","PHW4","PHW4ED",4,"PHW4ED.4","E","D","W",0,4,0,0,0,0,0,0,0,0,0,0,0,0,0,0,0,0,0,0,0,2,0,0,0,0,0,0,1,0,10,0,3,0,0,0,0,0,0,0,0,0,0,0,0,0,0,0,0,0,0,0,0,0,0,20,0,0,0,0,0,2,60,12.7,0.59238
"444","perenjori","PHW4","PHW4MD",1,"PHW4MD.1","M","D","W",0,0,0,0,0,0,0,0,0,0,0,0,0,0,0,0,0,0,0,0,0,0,0,0,0,0,0,0,0,0,0,0,0,0,0,0,0,0,0,0,0,0,0,0,0,0,0,0,0,0,0,0,0,0,0,0,0,0,4,0,0,12,596,12.7,0.68331
"445","perenjori","PHW4","PHW4MD",2,"PHW4MD.2","M","D","H",0,0,0,0,0,0,0,0,0,0,0,0,0,0,0,0,0,0,0,0,0,2,0,0,0,0,0,0,0,0,0,0,0,0,0,0,0,0,0,0,0,0,0,0,0,0,0,0,0,0,0,0,0,0,0,0,0,0,0,0,0,4,69,12.7,0.68331
"446","perenjori","PHW4","PHW4MD",3,"PHW4MD.3","M","D","H",0,0,0,0,0,0,0,0,0,0,0,0,0,0,0,0,0,0,0,0,0,1,0,0,0,0,0,0,0,0,0,0,0,0,0,0,0,0,0,0,0,0,0,0,0,0,0,0,0,0,0,0,0,0,0,0,0,0,0,0,0,4,77,12.7,0.68331
"447","perenjori","PHW4","PHW4MD",4,"PHW4MD.4","M","D","W",0,0,0,0,0,0,0,0,0,0,0,0,0,0,0,0,0,0,0,0,0,0,0,0,0,0,0,0,0,0,0,0,0,0,0,0,0,0,0,0,0,0,0,0,0,0,0,0,0,0,0,0,0,0,0,0,0,0,12,0,0,6,8,12.7,0.68331
"448","perenjori","PHW4","PHW4ND",1,"PHW4ND.1","N","D","H",0,0,0,0,0,0,0,0,0,0,0,0,0,0,0,7,0,0,1,0,0,0,0,0,0,0,0,0,0,0,0,0,0,0,0,0,0,0,0,0,39,0,0,0,0,0,0,0,10,0,0,0,0,0,0,0,0,0,0,0,0,3,NA,12.7,0.68747
"449","perenjori","PHW4","PHW4ND",2,"PHW4ND.2","N","D","H",0,0,0,0,0,0,0,0,0,0,0,0,0,0,0,20,0,0,0,6,0,0,0,3,0,0,0,0,0,0,0,0,0,0,0,0,0,0,0,0,28,0,0,0,0,0,0,0,7,0,0,0,0,0,1,0,0,0,1,0,0,2,NA,12.7,0.68747
"450","perenjori","PHW4","PHW4ND",3,"PHW4ND.3","N","D","W",0,0,0,0,0,0,2,0,0,0,0,0,0,0,0,9,0,0,1,0,0,0,0,8,0,0,0,0,0,0,0,0,0,0,0,0,0,0,0,0,0,0,0,0,0,0,0,0,4,0,0,0,0,0,10,0,0,0,0,0,0,8,373,12.7,0.68747
"451","perenjori","PHW4","PHW4ND",4,"PHW4ND.4","N","D","W",0,0,0,0,0,0,0,0,0,0,0,0,0,0,0,0,0,0,2,0,0,0,0,0,0,0,0,0,0,0,0,0,0,0,0,4,0,0,0,0,34,0,0,0,0,0,0,0,0,0,0,0,0,0,4,0,0,0,0,0,0,11,156,12.7,0.68747
"452","perenjori","PHW4","PHW4SD",1,"PHW4SD.1","S","D","W",0,0,0,0,0,0,0,0,0,0,0,0,0,0,0,0,0,0,0,0,0,0,0,0,0,0,0,0,0,0,0,0,0,0,0,0,0,0,0,0,0,0,0,0,0,0,0,0,0,0,0,0,0,0,0,0,0,0,0,0,0,1,NA,12.7,0.59191
"453","perenjori","PHW4","PHW4SD",2,"PHW4SD.2","S","D","H",0,0,0,0,0,0,0,0,0,0,0,0,0,0,0,0,0,0,0,0,0,0,0,0,0,0,0,0,0,0,0,0,0,0,0,0,0,0,0,0,0,0,0,0,0,0,0,0,0,0,0,0,0,0,0,0,0,0,0,0,0,2,12,12.7,0.59191
"454","perenjori","PHW4","PHW4SD",3,"PHW4SD.3","S","D","H",0,0,0,0,0,0,0,0,0,0,0,0,0,0,0,0,0,0,0,0,0,0,0,0,0,0,0,0,0,0,0,0,0,0,0,0,0,0,0,0,0,0,0,0,0,0,0,0,0,0,0,0,0,0,0,0,0,0,0,0,0,3,21,12.7,0.59191
"455","perenjori","PHW4","PHW4SD",4,"PHW4SD.4","S","D","W",0,0,0,0,0,0,0,0,0,0,0,0,0,0,0,0,0,0,0,0,0,0,0,0,0,0,0,0,0,0,0,0,0,0,0,0,0,0,0,0,0,0,0,0,0,0,0,0,0,0,0,0,0,0,0,0,0,0,0,0,0,5,NA,12.7,0.59191
"456","perenjori","PTW1","PTW1CD",1,"PTW1CD.1","C","D","T",0,0,0,0,0,0,0,0,0,0,0,0,0,0,15,10,0,0,0,0,0,0,0,1,0,0,0,0,0,0,0,0,0,0,0,2,0,0,0,0,0,0,0,0,0,0,0,0,82,0,0,0,0,2,0,0,0,0,18,0,0,9,18,8.6,0.49406
"457","perenjori","PTW1","PTW1CD",2,"PTW1CD.2","C","D","T",0,0,0,0,0,0,0,0,0,0,0,0,0,0,13,0,0,0,0,0,0,0,0,0,0,0,0,0,0,0,0,0,0,0,0,3,0,0,0,0,0,0,0,0,0,0,0,0,37,0,0,0,0,1,0,1,0,0,12,0,0,13.5,27,8.6,0.49406
"458","perenjori","PTW1","PTW1CD",3,"PTW1CD.3","C","D","W",0,0,0,0,0,0,0,0,0,0,0,0,0,0,9,0,0,0,0,0,0,0,0,0,0,0,2,0,0,0,0,0,0,0,0,0,0,0,0,0,0,0,0,0,0,0,0,0,14,0,0,0,0,0,3,0,0,0,11,0,0,11,376,8.6,0.49406
"459","perenjori","PTW1","PTW1CD",4,"PTW1CD.4","C","D","W",0,0,0,0,0,0,0,0,0,0,0,0,0,0,16,0,0,0,0,0,0,0,0,0,0,0,1,0,0,0,12,0,0,0,0,7,0,0,0,0,0,0,0,0,0,0,0,0,13,0,0,0,0,0,4,0,0,0,0,0,0,6,438,8.6,0.49406
"460","perenjori","PTW1","PTW1ND",1,"PTW1ND.1","N","D","W",0,0,0,0,0,0,0,0,0,0,0,0,0,0,4,0,0,0,1,0,0,0,0,0,0,0,0,0,0,0,0,0,0,0,0,17,0,0,0,0,0,0,0,0,0,0,0,0,3,0,0,0,0,15,9,0,0,0,0,0,0,4,0,8.6,0.50483
"461","perenjori","PTW1","PTW1ND",2,"PTW1ND.2","N","D","W",0,0,1,0,0,0,0,0,0,0,0,0,0,0,2,0,0,0,1,0,0,0,0,0,0,0,0,0,0,0,0,0,0,0,0,10,0,0,0,0,0,0,0,0,0,0,0,0,0,0,0,0,0,6,0,0,0,0,2,0,0,2,64,8.6,0.50483
"462","perenjori","PTW1","PTW1ND",3,"PTW1ND.3","N","D","T",0,0,0,0,0,0,0,0,0,0,0,0,0,0,1,0,0,0,4,0,0,0,0,0,0,0,0,0,0,0,0,0,0,0,0,32,0,0,0,0,0,0,0,0,0,0,0,0,4,0,0,0,0,9,6,0,0,0,0,0,0,18,36,8.6,0.50483
"463","perenjori","PTW1","PTW1ND",4,"PTW1ND.4","N","D","T",0,0,1,0,0,1,0,0,0,0,0,0,0,0,8,0,0,0,0,0,0,0,0,0,0,0,0,0,0,0,0,0,0,0,0,8,0,0,0,0,0,0,0,0,0,0,0,0,0,0,0,0,0,3,12,0,0,0,1,0,0,9,18,8.6,0.50483
"464","perenjori","PTW1","PTW1SD",1,"PTW1SD.1","S","D","W",0,0,0,0,0,0,0,0,0,0,0,0,0,0,0,0,0,0,0,0,0,0,0,0,0,0,0,0,0,0,0,0,0,0,0,0,0,0,0,0,0,0,0,0,0,0,0,0,0,0,0,0,0,0,0,0,0,0,0,0,0,2,101,8.6,0.5154
"465","perenjori","PTW1","PTW1SD",2,"PTW1SD.2","S","D","W",0,0,0,0,0,0,0,0,0,0,0,0,0,0,0,0,0,0,0,0,0,0,0,0,0,0,0,0,0,0,0,0,0,0,0,0,0,0,0,0,0,0,0,0,0,0,0,0,0,0,0,0,0,0,0,0,0,0,0,0,0,14,204,8.6,0.5154
"466","perenjori","PTW1","PTW1SD",3,"PTW1SD.3","S","D","T",0,0,0,0,0,0,0,0,0,0,0,0,0,0,0,0,0,0,0,0,0,0,0,0,0,0,0,0,0,0,0,0,0,0,0,0,0,0,0,0,0,0,0,0,0,0,0,0,0,0,0,0,0,0,0,0,0,0,0,0,0,4.5,9,8.6,0.5154
"467","perenjori","PTW1","PTW1SD",4,"PTW1SD.4","S","D","T",0,0,0,0,0,0,0,0,0,0,0,0,0,0,0,0,0,0,0,0,0,0,0,0,0,0,0,0,0,0,0,0,0,0,0,0,0,0,0,0,0,0,0,0,0,0,0,0,0,0,0,0,0,0,0,0,0,0,0,0,0,18,36,8.6,0.5154
"468","perenjori","PTW2","PTW2CD",1,"PTW2CD.1","C","D","T",0,0,0,1,0,2,0,0,0,0,0,0,0,0,0,0,0,0,0,0,0,0,0,0,0,0,0,1,0,0,0,0,0,0,0,3,0,0,0,0,0,0,2,0,0,0,0,0,1,0,0,0,0,0,2,0,0,0,0,0,0,27,54,13,0.67901
"469","perenjori","PTW2","PTW2CD",2,"PTW2CD.2","C","D","T",0,0,0,1,0,0,0,0,0,0,0,0,0,0,0,0,2,0,0,4,0,0,0,0,0,0,0,0,0,0,0,0,0,0,0,4,0,0,0,0,0,0,3,0,0,0,0,0,0,0,0,0,0,0,2,0,0,0,2,0,0,13.5,27,13,0.67901
"470","perenjori","PTW2","PTW2CD",3,"PTW2CD.3","C","D","W",0,0,0,0,0,0,0,0,0,0,0,0,0,0,0,0,0,0,0,0,0,0,0,0,0,0,0,1,0,0,0,0,0,0,0,6,0,0,0,0,1,0,2,1,0,0,0,0,0,0,0,0,0,0,4,2,0,0,0,0,0,5,NA,13,0.67901
"471","perenjori","PTW2","PTW2CD",4,"PTW2CD.4","C","D","W",0,0,0,5,0,1,0,0,0,0,0,0,0,0,0,0,0,0,0,0,0,0,0,0,0,0,0,0,4,0,0,0,0,0,0,8,0,0,0,0,0,0,4,0,0,0,0,0,4,0,0,0,0,2,0,5,0,0,0,0,0,14,637,13,0.67901
"472","perenjori","PTW2","PTW2ED",1,"PTW2ED.1","E","D","W",0,1,0,0,0,0,0,0,0,0,0,5,0,0,0,0,0,0,0,0,0,0,0,0,0,0,0,0,12,0,0,0,0,0,0,0,0,0,0,0,0,0,0,0,0,0,0,0,0,0,0,0,0,0,0,11,0,0,0,0,0,1,0,13,0.593
"473","perenjori","PTW2","PTW2ED",2,"PTW2ED.2","E","D","W",0,0,0,0,0,0,0,0,0,0,0,7,0,0,0,0,0,0,0,0,0,0,0,0,0,0,0,0,9,0,0,0,0,0,0,0,0,0,0,0,0,0,0,0,0,1,0,0,0,0,0,0,0,0,0,4,0,0,0,0,0,1,0,13,0.593
"474","perenjori","PTW2","PTW2ED",3,"PTW2ED.3","E","D","T",0,0,0,0,0,0,0,0,0,0,0,4,0,0,0,0,0,0,0,0,0,0,0,0,0,0,3,0,0,0,0,0,0,0,0,0,0,0,0,0,0,0,0,0,0,0,0,0,0,0,0,0,0,0,0,4,0,0,0,0,0,49.5,99,13,0.593
"475","perenjori","PTW2","PTW2ED",4,"PTW2ED.4","E","D","T",0,3,0,0,0,0,0,0,0,0,0,11,0,0,0,0,0,0,0,0,0,0,0,0,0,0,0,0,3,0,0,0,1,0,0,0,0,0,0,0,0,0,0,0,0,0,0,0,0,0,0,0,0,0,0,5,0,0,0,0,0,45,90,13,0.593
"476","perenjori","PTW2","PTW2ED",4,"PTW2ED.4","E","D","T",0,0,0,0,0,0,0,0,0,0,0,0,0,0,0,0,0,0,0,0,0,0,0,0,0,0,0,0,3,0,0,0,0,0,0,0,0,0,0,0,0,0,0,0,0,0,0,0,0,0,0,0,0,0,0,0,0,0,0,0,0,45,90,13,0.593
"477","perenjori","PTW2","PTW2MD",1,"PTW2MD.1","M","D","W",0,0,0,0,0,0,0,0,0,0,0,0,0,0,0,0,0,0,0,0,0,0,0,0,0,0,0,0,0,0,0,0,0,0,0,0,0,0,0,0,0,0,0,0,0,0,0,0,0,0,0,0,0,0,0,0,0,0,10,0,0,4,90,13,0.62565
"478","perenjori","PTW2","PTW2MD",2,"PTW2MD.2","M","D","W",0,0,0,0,0,0,0,0,0,0,0,0,0,0,0,0,0,0,0,0,0,0,0,0,0,0,0,0,0,0,0,0,0,0,0,0,0,0,0,0,0,0,0,0,0,0,0,0,0,0,0,0,0,0,0,0,0,0,2,0,0,1,NA,13,0.62565
"479","perenjori","PTW2","PTW2MD",3,"PTW2MD.3","M","D","T",0,0,0,0,0,0,0,0,0,0,0,0,0,0,0,0,0,0,0,0,0,0,0,0,0,0,0,0,0,0,0,0,0,0,0,0,0,0,0,0,0,0,0,0,0,0,0,0,21,0,0,0,0,0,0,0,0,0,0,0,0,9,18,13,0.62565
"480","perenjori","PTW2","PTW2MD",4,"PTW2MD.4","M","D","T",0,0,0,0,0,0,0,0,0,0,0,0,0,0,0,0,0,0,0,0,0,0,0,0,0,0,0,0,0,0,0,0,0,0,0,0,0,0,0,0,0,0,0,0,0,0,0,0,18,0,0,0,0,0,0,0,0,0,0,0,0,4.5,9,13,0.62565
"481","perenjori","PTW2","PTW2ND",1,"PTW2ND.1","N","D","T",0,0,0,0,0,0,0,0,0,0,0,0,0,0,0,0,0,0,0,7,0,0,0,0,0,0,0,0,0,0,0,0,0,0,0,9,0,0,0,0,0,0,0,0,0,0,0,0,12,0,0,0,0,8,0,0,0,0,0,0,0,27,54,13,0.70175
"482","perenjori","PTW2","PTW2ND",2,"PTW2ND.2","N","D","W",0,0,0,0,0,1,0,0,0,0,0,0,0,0,0,0,5,0,0,4,1,0,0,0,0,0,0,0,0,0,0,0,0,0,0,4,0,0,0,0,0,0,0,0,0,0,0,0,9,0,0,0,0,4,0,0,0,0,0,0,0,3,40,13,0.70175
"483","perenjori","PTW2","PTW2ND",3,"PTW2ND.3","N","D","T",0,0,0,0,0,0,0,0,0,0,0,0,0,0,0,0,0,0,0,4,0,0,0,0,0,0,0,0,0,0,0,0,0,0,0,5,0,0,0,0,0,0,0,0,0,0,0,0,0,0,0,0,0,2,0,0,0,0,6,0,0,9,18,13,0.70175
"484","perenjori","PTW2","PTW2ND",4,"PTW2ND.4","N","D","W",0,0,0,0,0,0,0,0,0,0,0,0,0,0,0,0,0,0,0,10,9,0,0,0,0,0,0,0,0,0,0,0,0,0,0,6,0,0,0,0,0,0,0,0,0,0,0,0,0,0,0,0,0,9,0,0,0,0,0,0,0,0,0,13,0.70175
"485","perenjori","PTW2","PTW2SD",1,"PTW2SD.1","S","D","T",0,0,0,0,0,0,0,0,0,0,0,0,0,0,0,0,0,0,0,0,0,0,0,0,0,0,0,0,0,0,0,0,0,0,0,0,0,0,0,0,0,0,0,0,0,0,0,0,0,0,0,0,0,0,0,0,0,0,0,0,0,40.5,81,13,0.60361
"486","perenjori","PTW4","PTW4ED",2,"PTW4ED.2","E","D","T",0,0,0,0,0,0,0,0,0,0,0,0,0,0,0,0,0,0,0,0,0,3,0,0,0,0,0,0,0,0,0,0,0,0,0,0,0,0,0,0,0,0,0,0,0,0,0,0,0,0,0,0,0,0,0,3,0,0,0,0,0,22.5,45,6.5,0.59327
"487","perenjori","PTW4","PTW4ED",4,"PTW4ED.4","E","D","W",0,2,0,0,0,0,0,0,0,0,0,0,0,0,0,0,0,0,0,0,0,0,0,0,0,0,0,0,0,0,0,0,0,0,0,0,0,0,0,0,0,0,0,0,0,0,0,0,0,0,0,0,0,0,0,9,0,0,0,0,0,2,34,6.5,0.59327
"488","perenjori","PTW4","PTW4MD",1,"PTW4MD.1","M","D","T",0,0,0,0,0,0,0,0,0,0,0,0,0,0,0,0,0,0,0,0,0,0,0,0,0,0,0,0,0,0,0,0,0,0,0,0,0,0,0,0,0,0,0,0,0,0,0,0,23,0,0,0,0,0,0,0,0,0,0,0,0,9,18,6.5,0.7669
"489","perenjori","PTW4","PTW4MD",2,"PTW4MD.2","M","D","W",0,0,0,0,0,0,0,0,0,0,0,0,0,0,0,0,0,0,0,0,0,0,0,0,0,0,0,0,0,0,0,0,0,0,0,0,0,0,0,0,0,0,0,0,0,0,0,0,0,0,0,0,0,0,0,0,0,0,4,0,0,11,315,6.5,0.7669
"490","perenjori","PTW4","PTW4MD",3,"PTW4MD.3","M","D","W",0,0,0,0,0,0,0,0,0,0,0,0,0,0,0,0,0,0,0,0,0,0,0,0,0,0,0,0,0,0,0,0,0,0,0,0,0,0,0,0,0,0,0,0,0,0,0,0,0,0,0,0,0,0,0,0,0,0,4,0,0,12,478,6.5,0.7669
"491","perenjori","PTW4","PTW4MD",4,"PTW4MD.4","M","D","T",0,0,0,0,0,0,0,0,0,0,0,0,0,0,0,0,0,0,0,0,0,0,0,0,0,0,0,0,0,0,0,0,0,0,0,0,0,0,0,0,0,0,0,0,0,0,0,0,20,0,0,0,0,0,0,0,0,0,0,0,0,9,18,6.5,0.7669
